1/12/2017 10:46:0,model=SM-G950F,31.174368163323432,33.733736078848835,31.199450805647444,1,DIR-825-4f83,80:26:89:0d:4f:84,1,-88,
1/12/2017 10:46:0,model=SM-G950F,51.3816590064028,55.59814709426635,67.60482130548228,1,sellahome,d8:fb:5e:17:47:f8,9,-73,
1/12/2017 10:46:0,model=SM-G950F,30.103964919989075,32.57545447175859,30.127583753260325,1,Oded 5Ghz,00:12:2a:e1:6c:4c,48,-89,
1/12/2017 10:46:0,model=SM-G950F,39.02326984226372,42.227019548649594,39.0605858443721,1,SHAHAF2.4,20:0c:c8:0a:ef:2a,11,-82,
1/12/2017 10:45:0,model=SM-G950F,34.759682852773075,37.613399207015,34.790019179513855,1,yotam17,f8:ab:05:e9:6d:3d,10,-85,
1/12/2017 10:45:0,model=SM-G950F,36.09701659454536,39.060525824678706,36.12945465303392,1,Oded 5Ghz,00:12:2a:e1:6c:4c,48,-84,
1/12/2017 10:45:0,model=SM-G950F,37.51577320601756,40.59575997917934,37.55052782370015,1,Oded 2.4Ghz,00:12:2a:e1:6c:48,11,-83,
1/12/2017 10:45:0,model=SM-G950F,53.23970612976984,57.6086689955738,70.05022933821682,1,UFI_UF230_B3F,00:0b:6c:4d:1b:3f,6,-70,
1/12/2017 10:45:0,model=SM-G950F,15.6943278516943,16.982654982725006,17.347775552603046,3,ter123,70:4d:7b:0c:89:50,6,-72,klaiman,a0:ab:1b:62:0d:fc,2,-78,HOTBOX-62EF,d8:fb:5e:17:62:f5,1,-80,
1/12/2017 10:45:0,model=SM-G950F,8.9501989849703,9.685147445130257,11.222990444132257,3,UFI_UF230_B3F,00:0b:6c:4d:1b:3f,6,-83,HP-Print-8A-Deskjet 4640 series,8c:dc:d4:6a:a9:8a,11,-89,landau,d4:7b:b0:79:65:fc,11,-92,
1/12/2017 10:45:0,model=SM-G950F,5.786840330009811,6.2620157583438605,7.239387001488439,4,arama,80:1f:02:36:04:d0,11,-81,hilda,00:30:4f:91:36:07,6,-89,Astra,00:21:63:4d:73:31,6,-92,BezeqFree,5a:ab:1b:62:0d:fd,2,-93,
1/12/2017 10:45:0,model=SM-G950F,54.78881931061065,59.28490538773815,72.0888759940564,1,nina,20:0c:c8:2b:2a:14,11,-68,
1/12/2017 10:45:0,model=SM-G950F,18.11793681349554,19.60521540693098,20.068388470231966,4,LRWN,ec:8c:a2:09:dd:4c,44,-70,LRWN,0c:f4:d5:29:a2:9c,36,-76,HOTFiber-400D,40:65:a3:2b:62:22,6,-88,HOTFiber-400D,40:65:a3:2b:62:0e,6,-89,
1/12/2017 10:45:0,model=SM-G950F,28.123882721092244,30.43281072640324,28.144916916370036,1,LRWN,0c:f4:d5:29:a2:9c,36,-91,
1/12/2017 10:44:0,model=SM-G950F,4.1852089476799925,4.5288403963234245,4.879723159669685,6,RS_GUEST,ec:08:6b:38:0d:dd,12,-85,RS_GUEST_5G,ec:08:6b:38:0d:dc,44,-89,DIRECT-F4-HP DeskJet 3830 series,c8:d3:ff:57:60:f5,1,-89,simon,e4:6f:13:73:0a:c2,8,-89,HTC,06:c2:3e:e4:21:85,4,-89,KaymeraDev,00:f6:63:15:58:8e,36,-92,
1/12/2017 10:44:0,model=SM-G950F,50.45545332855235,54.595935412614196,66.3856289078025,1,edimax_2.4G_A92417,74:da:38:a9:24:17,3,-75,
1/12/2017 10:44:0,model=SM-G950F,16.32128534960481,17.661673570098436,20.804903743095977,2,HP-Print-20-Deskjet 4640 series,fc:15:b4:65:09:20,1,-87,HOTBOX-2E6E,c0:ac:54:f7:27:42,11,-89,
1/12/2017 10:44:0,model=SM-G950F,30.103964919989075,32.57545447175859,30.127583753260325,1,Neeman2.4_5,20:0c:c8:1d:c8:2c,60,-89,
1/12/2017 10:44:0,model=SM-G950F,11.064093127221177,11.972611656559167,14.178096212888715,5,HOTFiber-A53E,7c:b7:33:a1:7e:98,6,-80,rdk,e4:d3:f1:9a:81:60,13,-85,RDK,58:b6:33:34:81:a8,1,-85,RDK,58:b6:33:34:ae:f8,11,-85,dlink,40:9b:cd:11:2f:88,44,-92,
1/12/2017 10:44:0,model=SM-G950F,48.22310979952459,52.18105487632536,49.92421730848686,1,home,00:13:d4:0f:f3:ba,1,-77,
1/12/2017 10:44:0,model=SM-G950F,18.77726461000588,20.319350408658842,23.92677471975303,2,home,00:13:d4:0f:f3:ba,1,-83,TP-LINK_2C3A,84:16:f9:d7:2c:3a,1,-90,
1/12/2017 10:44:0,model=SM-G950F,27.206838562222188,29.440478715859584,27.226728972523546,1,DAVID,d8:fb:5e:17:1b:d6,11,-92,
1/12/2017 10:44:0,model=SM-G950F,22.941491269107807,24.825564773394856,29.238921206650552,2,mika1,c4:12:f5:fb:c0:3e,1,-82,donush,c0:ac:54:f5:b7:f2,1,-87,
1/12/2017 10:44:0,model=SM-G950F,32.30389220102912,34.95599219234684,32.330571125811396,1,varda,c4:12:f5:85:27:c2,1,-87,
1/12/2017 10:44:0,model=SM-G950F,46.123137236944174,49.90977383984665,46.173966613595255,1,Liza,8c:59:c3:ea:db:4a,1,-78,
1/12/2017 10:44:0,model=SM-G950F,28.393994087937095,30.72476821752543,30.432584542861754,2,Helen.,a0:ab:1b:57:cd:42,10,-79,U2I8L1M0X42,54:64:d9:66:29:ef,11,-85,
1/12/2017 10:43:0,model=SM-G950F,13.113043657397249,14.189954550417983,16.71509936657935,2,urigil1,a0:ab:1b:5d:c2:60,10,-90,INGENEO,cc:b2:55:e8:4c:e6,6,-91,
1/12/2017 10:43:0,model=SM-G950F,27.65583278670571,29.925861821104483,26.35036318051988,2,ELDAD,10:0d:7f:80:17:80,11,-78,Eldad_2EX,80:1f:02:e8:b9:cc,11,-82,
1/12/2017 10:43:0,model=SM-G950F,68.3846821882631,73.9964721044399,89.9795900148552,1,DIR-825-4f83,80:26:89:0d:4f:84,1,-57,
1/12/2017 10:43:0,model=SM-G950F,56.59377662634745,61.237981045761096,74.46412236157106,1,DIR-825-4f83,80:26:89:0d:4f:84,1,-66,
1/12/2017 10:43:0,model=SM-G950F,53.98288446760129,58.41283397023432,71.02827087211415,1,dobry2016,6c:b0:ce:ac:32:9b,1,-69,
1/12/2017 10:43:0,model=SM-G950F,42.33855667990968,45.81448578381532,42.381878430888435,1,Bezeq Free GA32E3,52:b0:ce:ac:32:98,1,-80,
1/12/2017 10:43:0,model=SM-G950F,30.103964919989075,32.57545447175859,30.127583753260325,1,KarvatB0.5,14:ae:db:cc:ed:6d,48,-89,
1/12/2017 10:43:0,model=SM-G950F,30.103964919989075,32.57545447175859,30.127583753260325,1,angela,80:1f:02:f5:d8:e8,1,-89,
1/12/2017 10:43:0,model=SM-G950F,50.886685482610964,55.0625551852081,66.95330153243268,1,Efrat,b4:ee:b4:86:c0:f1,11,-74,
1/12/2017 10:42:0,model=SM-G950F,27.206838562222188,29.440478715859584,27.226728972523546,1,HOTBOX-D88A,c0:ac:54:f5:b4:c9,1,-92,
1/12/2017 10:46:0,model=SM-G950F,53.23970612976984,57.6086689955738,70.05022933821682,1,love,14:ae:db:58:73:75,1,-70,
1/12/2017 10:46:0,model=SM-G950F,6.327868513677759,6.847482943225165,7.934505905705726,3,DIR-825-4f83,80:26:89:0d:4f:84,1,-85,Mevohot_3,60:e3:27:e8:41:e8,11,-93,Wifi,74:44:01:39:09:86,11,-93,
1/12/2017 10:46:0,model=SM-G950F,9.818160059287385,10.624380014258566,12.311984841023065,3,Orit,c4:a8:1d:12:7d:4c,6,-80,DIRECT-CC-HP DeskJet 4670 series,70:5a:0f:b2:64:cd,6,-89,Lahav,08:3e:5d:5c:72:5e,11,-94,
1/12/2017 10:46:0,model=SM-G950F,30.103964919989075,32.57545447175859,30.127583753260325,1,dobry2016_5,6c:b0:ce:ac:32:9c,60,-89,
1/12/2017 10:46:0,model=SM-G950F,28.123882721092244,30.43281072640324,28.144916916370036,1,HOTBOX-1A14,00:07:26:4f:07:ae,6,-91,
1/12/2017 10:46:0,model=SM-G950F,27.947713770467555,30.241696400623262,26.631323021338712,2,DIR-825-4f83,80:26:89:0d:4f:84,1,-74,Miller,00:78:9e:fa:0e:5c,1,-78,
1/12/2017 10:46:0,model=SM-G950F,36.09701659454536,39.060525824678706,36.12945465303392,1,Oded 2.4Ghz,00:12:2a:e1:6c:48,11,-84,
1/12/2017 10:46:0,model=SM-G950F,4.211867342866531,4.557725652932412,5.28116991034427,3,Oded,14:cc:20:76:b8:2a,11,-92,HP-Print-AF-Officejet Pro 6830,28:80:23:40:5f:af,6,-94,TP-LINK_76C08E,14:cc:20:76:c0:8e,1,-94,
1/12/2017 10:46:0,model=SM-G950F,15.125587793985915,16.36779409142537,17.697409947487678,2,Oded 5Ghz,00:12:2a:e1:6c:4c,48,-82,Motti11,a4:2b:b0:d4:55:36,6,-96,
1/12/2017 10:45:0,model=SM-G950F,27.206838562222188,29.440478715859584,27.226728972523546,1,UFI_UF230_B3F,00:0b:6c:4d:1b:3f,6,-92,
1/12/2017 10:45:0,model=SM-G950F,5.017954970623352,5.43000563608485,6.291939829252765,3,Candan,c0:ff:d4:7b:82:30,1,-91,  InnovationEndeavors,74:da:38:a9:1c:df,2,-92,BezeqFree,06:ae:db:48:af:4d,9,-93,
1/12/2017 10:45:0,model=SM-G950F,14.799752586323606,16.0147153451586,17.04587484947471,4,HOTBOX-2017,c0:ac:54:f5:7d:bd,11,-78,HP-Print-AF-Officejet Pro 6830,28:80:23:40:5f:af,6,-81,TP-LINK_76C08E,14:cc:20:76:c0:8e,1,-86,sirocco_2.4o,c4:e9:84:83:1a:0a,11,-91,
1/12/2017 10:45:0,model=SM-G950F,17.725718177718463,19.18090177673875,18.2413964372663,4,Oded,14:cc:20:76:b8:2a,11,-65,Oded 2.4Ghz,00:12:2a:e1:6c:48,11,-82,HOTBOX-2017,c0:ac:54:f5:7d:bd,11,-87,TP-LINK_76C08E,14:cc:20:76:c0:8e,1,-93,
1/12/2017 10:45:0,model=SM-G950F,20.827197972976858,22.536876254813762,23.080876853029082,3,UFI_UF230_B3F,00:0b:6c:4d:1b:3f,6,-63,hot,00:1c:10:09:4f:bc,3,-77,Oded,14:cc:20:76:b8:2a,11,-89,
1/12/2017 10:45:0,model=SM-G950F,11.843069242408617,12.815569567530972,14.850521331331231,3,hot,00:1c:10:09:4f:bc,3,-84,HOTBOX-62EF,d8:fb:5e:17:62:f5,1,-85,geller,00:78:9e:fa:3b:62,11,-90,
1/12/2017 10:45:0,model=SM-G950F,6.090484102742591,6.590562848851123,6.952801781368936,5,ter123,70:4d:7b:0c:89:50,6,-82,arama,80:1f:02:36:04:d0,11,-84,HP-Print-8A-Deskjet 4640 series,8c:dc:d4:6a:a9:8a,11,-89,HOTBOX-62EF,d8:fb:5e:17:62:f5,1,-93,Florida_Israel1,48:ee:0c:3b:fa:1e,1,-94,
1/12/2017 10:45:0,model=SM-G950F,8.425377576882939,9.117224606772641,10.763747858991229,10,TUCHLER,00:26:5a:69:94:e3,6,-81,landau,74:da:38:14:4b:88,11,-81,  InnovationEndeavors,74:da:38:a9:1c:df,2,-83,klaiman,a0:ab:1b:62:0d:fc,2,-86,Astra,00:21:63:4d:73:31,6,-86,Mehta_Up,f8:d1:11:b8:3b:7e,6,-87,BezeqFree,5a:ab:1b:62:0d:fd,2,-87,UFI_UF230_B3F,00:0b:6c:4d:1b:3f,6,-89,HOTBOX-8156,b4:ee:b4:a7:81:5c,1,-92,Candan,c0:ff:d4:7b:82:30,1,-93,
1/12/2017 10:45:0,model=SM-G950F,15.564032113792827,16.842230790976302,19.837926867439524,2,mazia,14:ae:db:b2:5f:05,1,-87,arama,80:1f:02:36:04:d0,11,-90,
1/12/2017 10:45:0,model=SM-G950F,30.713342790529225,33.23609036211306,32.94100689030796,2,nina,20:0c:c8:2b:2a:14,11,-73,Nehalem_ISR,08:ea:44:74:4b:d5,1,-92,
1/12/2017 10:45:0,model=SM-G950F,8.198039978323536,8.871224447782398,10.279610492080513,3,Einav_1,00:26:5a:10:b7:0a,6,-82,RS_GUEST,e4:6f:13:71:f5:ce,9,-92,nina,20:0c:c8:2b:2a:14,11,-92,
1/12/2017 10:45:0,model=SM-G950F,25.50274432889508,27.596481069407478,25.520597074853697,1,SE-WiFi-Employees,70:4c:a5:20:be:18,1,-94,
1/12/2017 10:45:0,model=SM-G950F,5.9688792509009705,6.45909130047688,6.995225390796749,5,LRWN,ec:8c:a2:08:a4:5c,52,-69,Candan,c0:ff:d4:7b:82:30,1,-88,simon,e4:6f:13:73:0a:c2,8,-90,INGENEO,cc:b2:55:e8:4c:e6,6,-91,Oberyn Martell,18:d6:c7:fb:1c:0e,8,-95,
1/12/2017 10:45:0,model=SM-G950F,40.62775261642205,43.963227634506936,40.6679102790993,1,A-Home,00:25:86:b1:6f:f8,6,-81,
1/12/2017 10:44:0,model=SM-G950F,5.906963254633004,6.392098298580363,7.1491706410289,7,kaymeraQA,00:f6:63:15:58:80,1,-82,simon,e4:6f:13:73:0a:c2,8,-84,Candan,c0:ff:d4:7b:82:30,1,-87,Vision Public,c0:4a:00:f7:00:c1,10,-89,BARON WIFI 2.4,60:e3:27:bf:a1:a5,11,-91,cactus,a0:4f:d4:42:ba:71,1,-95,KaymeraGuest,cc:16:7e:97:1d:92,1,-95,
1/12/2017 10:44:0,model=SM-G950F,9.333105316497708,10.099478607654047,11.67413613582941,4,Oberyn Martell,18:d6:c7:fb:1c:0e,8,-79,INGENEO,cc:b2:55:e8:4c:e6,6,-87,simon,e4:6f:13:73:0a:c2,8,-89,HTC,06:c2:3e:e4:21:85,4,-92,
1/12/2017 10:44:0,model=SM-G950F,11.28704835045977,12.213872187072386,14.449813995152807,5,forestisthebest,c8:d7:19:da:03:16,6,-78,spielman,f4:f2:6d:34:56:54,1,-79,KaymeraDev,00:f6:63:15:58:81,1,-86,KaymeraGuest,00:f6:63:15:58:82,1,-86,HP-Print-C1-Deskjet 4640 series,28:80:23:f6:e0:c1,11,-87,
1/12/2017 10:44:0,model=SM-G950F,25.093792935469438,27.15493386450793,29.49125683689967,2,BezeqNGN_001489_2.4GHz_1,c0:a0:bb:cb:59:5b,1,-73,netbox,d0:d4:12:65:19:a2,1,-96,
1/12/2017 10:44:0,model=SM-G950F,4.030560280198059,4.3615303276306365,5.053884001620577,3,Bezeq Free T00C36,5a:0c:c8:0f:21:90,1,-92,BezeqFree,62:ee:0c:39:f9:16,5,-94,ELCHARAR_2.4,20:0c:c8:0f:21:93,1,-95,
1/12/2017 10:44:0,model=SM-G950F,39.02326984226372,42.227019548649594,39.0605858443721,1,Alpha125,30:b5:c2:e0:55:9c,6,-82,
1/12/2017 10:44:0,model=SM-G950F,9.196335127343945,9.951484640806108,11.758659091662995,6,Neeman2.4,20:0c:c8:1d:c8:2b,1,-81,Bezeq Free F026CC,6a:0c:c8:1d:c8:28,1,-81,HP-Print-20-Deskjet 4640 series,fc:15:b4:65:09:20,1,-83,HOTBOX12,d8:fb:5e:17:62:4d,1,-87,oved-main,74:da:3a:97:66:9e,6,-87,HOTBOX-2E6E,c0:ac:54:f7:27:42,11,-93,
1/12/2017 10:44:0,model=SM-G950F,14.515827654700903,15.707433400224442,16.577956647851686,3,devolo-0f4,30:d3:2d:37:20:f4,6,-80,Neeman2.4,20:0c:c8:1d:c8:2b,1,-87,Bezeq Free F026CC,6a:0c:c8:1d:c8:28,1,-87,
1/12/2017 10:44:0,model=SM-G950F,31.174368163323432,33.733736078848835,31.199450805647444,1,devolo-0f4,30:d3:2d:37:20:f4,6,-88,
1/12/2017 10:44:0,model=SM-G950F,17.74050375926059,19.19681995085393,20.376138034513723,3,HOTFiber-A53E,7c:b7:33:a1:7e:98,6,-79,Guymic,14:ae:db:b7:99:2d,6,-81,RDK,58:b6:33:34:81:a8,1,-92,
1/12/2017 10:44:0,model=SM-G950F,14.907506840793175,16.131788290118344,19.00214066730491,2,Guymic,14:ae:db:b7:99:2d,6,-88,HOTFiber-A53E,7c:b7:33:a1:7e:98,6,-90,
1/12/2017 10:44:0,model=SM-G950F,12.036440680427642,13.02493535550553,15.337865282978136,2,home,00:13:d4:0f:f3:ba,1,-88,Guymic,14:ae:db:b7:99:2d,6,-95,
1/12/2017 10:44:0,model=SM-G950F,25.50274432889508,27.596481069407478,25.520597074853697,1,home,00:13:d4:0f:f3:ba,1,-94,
1/12/2017 10:44:0,model=SM-G950F,23.953756718850066,25.920324035276053,23.969854568392044,1,DAVID,d8:fb:5e:17:1b:d6,11,-96,
1/12/2017 10:44:0,model=SM-G950F,23.953756718850066,25.920324035276053,23.969854568392044,1,Gil Kitchen,80:1f:02:a3:7d:62,6,-96,
1/12/2017 10:44:0,model=SM-G950F,23.666904868534196,25.610577359066586,27.709773763115514,2,Ben Ami_2.4,c4:04:15:60:6a:b5,11,-77,Hilush111,6c:b0:ce:2f:43:36,1,-92,
1/12/2017 10:44:0,model=SM-G950F,14.419564587112493,15.6037875968759,16.841358228910437,2,Ben Ami_2.4,c4:04:15:60:6a:b5,11,-84,Shani - Green,54:b8:0a:34:68:90,6,-95,
1/12/2017 10:44:0,model=SM-G950F,4.7280592155016805,5.11636175256454,5.504115728029685,5,U2I8L1M0X42,7c:b7:33:97:35:f1,1,-73,varda,c4:12:f5:85:27:c2,1,-90,KaymeraDev,00:f6:63:15:58:81,1,-93,Ben Ami_2.4,c4:04:15:60:6a:b5,11,-93,KaymeraGuest,00:f6:63:15:58:82,1,-93,
1/12/2017 10:43:0,model=SM-G950F,30.103964919989075,32.57545447175859,30.127583753260325,1,Gil-Up,50:c7:bf:36:df:98,2,-89,
1/12/2017 10:43:0,model=SM-G950F,21.505172690789223,23.271310780272366,25.228074702127337,2,DIR-825-4f83,80:26:89:0d:4f:84,1,-77,Miller,00:78:9e:fa:0e:5c,1,-94,
1/12/2017 10:43:0,model=SM-G950F,24.71011248882664,26.738775415392613,24.727055780247433,1,varda,c4:12:f5:85:27:c2,1,-95,
1/12/2017 10:43:0,model=SM-G950F,39.02326984226372,42.227019548649594,39.0605858443721,1,HOTBOX1234,00:78:9e:f9:f5:5b,1,-82,
1/12/2017 10:43:0,model=SM-G950F,22.993517450930856,24.881863554271412,29.29873021495856,2,Eldad_2EX,80:1f:02:e8:b9:cc,11,-81,HOTBOX1234,30:b5:c2:6e:12:d4,1,-88,
1/12/2017 10:43:0,model=SM-G950F,30.434661041063077,32.93279304836153,28.989640058070812,2,ELDAD,10:0d:7f:80:17:80,11,-73,BezeqFree,06:ae:db:c1:ad:7d,1,-87,
1/12/2017 10:43:0,model=SM-G950F,9.976042683711034,10.795197664325375,12.822242468506932,6,BezeqFree,06:ae:db:ba:1e:85,11,-81,sellahome,d8:fb:5e:17:47:f8,9,-83,shweiger1,14:ae:db:c1:ad:7d,1,-84,ELDAD,10:0d:7f:80:17:80,11,-87,Lahav,08:3e:5d:5c:72:5e,11,-89,Orit,c4:a8:1d:12:7d:4c,6,-91,
1/12/2017 10:43:0,model=SM-G950F,16.743716906437353,18.118188804495365,18.548823864189046,3,DIR-825-4f83,80:26:89:0d:4f:84,1,-73,sellahome_2EX,74:da:38:14:1f:8d,9,-82,Mevohot_3,60:e3:27:e8:41:e8,11,-86,
1/12/2017 10:43:0,model=SM-G950F,24.71011248882664,26.738775415392613,24.727055780247433,1,Mevohot_1,20:0c:c8:1b:a2:48,6,-95,
1/12/2017 10:43:0,model=SM-G950F,26.33409738762604,28.496086888067037,26.35293007170344,1,lellouche,a4:2b:b0:ad:2d:34,5,-93,
1/12/2017 11:1:0,model=SM-G950F,56.59377662634745,61.237981045761096,74.46412236157106,1,Orit,c4:a8:1d:12:7d:4c,6,-66,
1/12/2017 11:1:0,model=SM-G950F,13.06831996519924,14.141557906821783,16.65624117801843,2,sellahome,d8:fb:5e:17:47:f8,9,-89,Ben-Eliyahu_PC,80:1f:02:d4:9a:92,10,-92,
1/12/2017 11:1:0,model=SM-G950F,17.324332474301286,18.747112806601667,20.220712832355666,2,lellouche,a4:2b:b0:ad:2d:34,5,-82,DIRECT-CC-HP DeskJet 4670 series,70:5a:0f:b2:64:cd,6,-93,
1/12/2017 11:1:0,model=SM-G950F,53.23970612976984,57.6086689955738,70.05022933821682,1,DIR-825-4f83,80:26:89:0d:4f:84,1,-70,
1/12/2017 11:1:0,model=SM-G950F,49.460118824534234,53.51959026115662,58.72992501632869,1,DIR-825-4f83,80:26:89:0d:4f:84,1,-76,
1/12/2017 11:1:0,model=SM-G950F,36.09701659454536,39.060525824678706,36.12945465303392,1,DIR-825-4f83,80:26:89:0d:4f:84,1,-84,
1/12/2017 11:1:0,model=SM-G950F,14.868748866070076,16.0898472948717,18.95029745764332,2,Oded,14:cc:20:76:b8:2a,11,-87,HOTBOX-747B,e8:d1:1b:72:74:81,1,-91,
1/12/2017 11:0:0,model=SM-G950F,26.33409738762604,28.496086888067037,26.35293007170344,1,Siemens,d0:d4:12:5e:db:f2,11,-93,
1/12/2017 11:0:0,model=SM-G950F,50.886685482610964,55.0625551852081,66.95330153243268,1,Motti11,a4:2b:b0:d4:55:36,6,-74,
1/12/2017 11:0:0,model=SM-G950F,34.759682852773075,37.613399207015,34.790019179513855,1,TP-LINK_76C08E,14:cc:20:76:c0:8e,1,-85,
1/12/2017 11:0:0,model=SM-G950F,48.22310979952459,52.18105487632536,49.92421730848686,1,Gillad-1_2.4,c4:04:15:64:e8:cc,11,-77,
1/12/2017 11:0:0,model=SM-G950F,15.794094275589568,17.09081626109441,17.612939774565458,3,Siemens,d0:d4:12:5e:db:f2,11,-82,BezeqFree,5a:ab:1b:62:0d:fd,2,-82,HP-Print-8A-Deskjet 4640 series,8c:dc:d4:6a:a9:8a,11,-84,
1/12/2017 11:0:0,model=SM-G950F,26.33409738762604,28.496086888067037,26.35293007170344,1,Mehta_Up,f8:d1:11:b8:3b:7e,6,-93,
1/12/2017 11:0:0,model=SM-G950F,34.759682852773075,37.613399207015,34.790019179513855,1,Home,82:2a:a8:bf:93:e5,1,-85,
1/12/2017 11:0:0,model=SM-G950F,48.22310979952459,52.18105487632536,49.92421730848686,1,Fuck Off,14:cc:20:da:ab:9a,11,-77,
1/12/2017 11:0:0,model=SM-G950F,51.93916852768875,56.201406849704725,68.3386055998006,1,LRWN,0c:f4:d5:29:a2:9c,36,-72,
1/12/2017 11:0:0,model=SM-G950F,14.254067543631347,15.424685152470648,18.163538554917587,2,Mehta_Up,f8:d1:11:b8:3b:7e,6,-86,HOTBOX-8156,b4:ee:b4:a7:81:5c,1,-93,
1/12/2017 10:59:0,model=SM-G950F,33.49725204076511,36.24732491267384,33.52567593566331,1,Candan,c0:ff:d4:7b:82:30,1,-86,
1/12/2017 10:59:0,model=SM-G950F,53.23970612976984,57.6086689955738,70.05022933821682,1,Home,82:2a:a8:bf:94:29,11,-70,
1/12/2017 10:59:0,model=SM-G950F,26.314431504234538,28.4755345884654,30.725983994533927,2,DIRECT-1C-HP DeskJet 3830 series,94:57:a5:4b:4f:41,6,-77,BezeqFree,06:ae:db:48:af:4d,9,-90,
1/12/2017 10:59:0,model=SM-G950F,30.103964919989075,32.57545447175859,30.127583753260325,1,landau,d4:7b:b0:79:65:fc,11,-89,
1/12/2017 10:59:0,model=SM-G950F,16.642464754629795,18.008626008576314,18.449786752673255,3,SIEMENS_LivingRoom,d4:6e:0e:3c:44:e1,1,-77,hot,00:14:bf:42:7e:96,9,-83,hot,18:d6:c7:97:bd:2a,11,-86,
1/12/2017 10:59:0,model=SM-G950F,31.174368163323432,33.733736078848835,31.199450805647444,1,hot,00:14:bf:42:7e:96,9,-88,
1/12/2017 10:59:0,model=SM-G950F,21.783973687816854,23.57298588549746,27.76050365543172,2,Motti11,a4:2b:b0:d4:55:36,6,-82,motti-5ghz,a4:2b:b0:d4:55:38,40,-88,
1/12/2017 10:59:0,model=SM-G950F,28.123882721092244,30.43281072640324,28.144916916370036,1,DIR-825-4f83,80:26:89:0d:4f:84,1,-91,
1/12/2017 10:59:0,model=SM-G950F,37.51577320601756,40.59575997917934,37.55052782370015,1,sirocco_2.4o,14:cc:20:09:3c:b9,11,-83,
1/12/2017 10:59:0,model=SM-G950F,46.123137236944174,49.90977383984665,46.173966613595255,1,tal2,90:8d:78:54:22:a1,60,-78,
1/12/2017 10:59:0,model=SM-G950F,40.62775261642205,43.963227634506936,40.6679102790993,1,My_Internet,fc:75:16:2e:5a:47,10,-81,
1/12/2017 10:59:0,model=SM-G950F,27.206838562222188,29.440478715859584,27.226728972523546,1,Partner-4G-B6D4,a8:c8:3a:35:b6:d4,1,-92,
1/12/2017 10:59:0,model=SM-G950F,46.123137236944174,49.90977383984665,46.173966613595255,1,amnon,c0:ac:54:f8:6c:8a,6,-78,
1/12/2017 10:58:0,model=SM-G950F,15.87346977945497,17.176502152401937,17.54212662025155,3,edimax.setup,74:da:38:c6:57:9b,9,-71,TP-LINK_E3CA,84:16:f9:e4:e3:ca,9,-77,frank,e8:94:f6:e2:6e:4b,6,-80,
1/12/2017 10:58:0,model=SM-G950F,30.967576979055657,33.50942909500009,29.511926094832866,2,UFI_UF230_B3F,00:0b:6c:4d:1b:3f,6,-69,hot,00:1c:10:09:4f:bc,3,-71,
1/12/2017 10:58:0,model=SM-G950F,50.45545332855235,54.595935412614196,66.3856289078025,1,UFI_UF230_B3F,00:0b:6c:4d:1b:3f,6,-75,
1/12/2017 10:58:0,model=SM-G950F,15.023716754478425,16.257406449670874,13.479951324356847,5,Oded,14:cc:20:76:b8:2a,11,-70,HP-Print-AF-Officejet Pro 6830,28:80:23:40:5f:af,6,-71,HOTBOX-2017,c0:ac:54:f5:7d:bd,11,-72,TP-LINK_76C08E,14:cc:20:76:c0:8e,1,-90,Laufer-wifi,4c:60:de:51:8b:ca,11,-93,
1/12/2017 10:58:0,model=SM-G950F,9.979808464864607,10.799413465285857,12.327888145007005,5,HP-Print-AF-Officejet Pro 6830,28:80:23:40:5f:af,6,-78,Oded 2.4Ghz,00:12:2a:e1:6c:48,11,-79,Oded,14:cc:20:76:b8:2a,11,-81,Oded 5Ghz,00:12:2a:e1:6c:4c,48,-84,Motti11,a4:2b:b0:d4:55:36,6,-87,
1/12/2017 10:58:0,model=SM-G950F,14.925502387194477,16.15126166903513,19.017882610927085,2,44870715,14:ae:db:b7:ab:ad,6,-85,yotam17,7c:b7:33:ea:b8:ff,10,-93,
1/12/2017 10:58:0,model=SM-G950F,15.347895753698069,16.608159967779468,15.84184073603996,5,nurit,a0:4f:d4:45:1f:a1,1,-74,yotam17,f8:ab:05:e9:6d:3d,10,-75,tal,90:8d:78:54:22:a2,1,-81,tal2,90:8d:78:54:22:a1,60,-86,sirocco_2.4o,14:cc:20:09:3c:b9,11,-93,
1/12/2017 10:58:0,model=SM-G950F,19.085462677591103,20.652433196020667,21.41901109889084,3,Yotam _ work _ room,d8:5d:4c:d1:4d:b0,9,-75,yotam17,f8:ab:05:e9:6d:3d,10,-81,Yotam_Shir,00:26:5a:24:f4:f0,8,-90,
1/12/2017 10:58:0,model=SM-G950F,6.805492297810947,7.364309078347496,8.516631959742565,4,MNP_HOME_2.4GHz_1,04:a1:51:e0:5f:ee,6,-81,test012,00:12:2a:d2:0c:38,1,-87,My_Internet,fc:75:16:2e:5a:47,10,-88,nurit,a0:4f:d4:45:1f:a1,1,-95,
1/12/2017 10:58:0,model=SM-G950F,23.165625209244414,25.06810561491239,29.511495066401427,2,Beni,c4:12:f5:f4:82:42,9,-80,HOTBOX111,c0:ac:54:f7:3c:c2,1,-89,
1/12/2017 10:58:0,model=SM-G950F,21.783973687816854,23.57298588549746,27.76050365543172,2,HOTBOX,c0:ac:54:f7:42:60,1,-82,Beni,c4:12:f5:f4:82:42,9,-88,
1/12/2017 10:58:0,model=SM-G950F,9.708917924074585,10.506105931339766,11.104285226176945,4,HOTBOX-F028,18:1e:78:86:03:15,1,-61,amnon,c0:ac:54:f8:6c:8a,6,-87,yotam17,b0:b2:8f:36:a2:b3,10,-91,Motti11,a4:2b:b0:d4:55:36,6,-93,
1/12/2017 10:58:0,model=SM-G950F,16.105439150469348,17.427595520145196,18.64887453998326,4,Daizad,e8:cc:18:ac:1a:52,7,-72,Is,16:0c:c3:ee:27:39,6,-83,HOTBOX-F028,00:78:9e:fa:6f:c3,1,-85,Beni,c4:12:f5:f4:82:42,9,-96,
1/12/2017 10:58:0,model=SM-G950F,36.09701659454536,39.060525824678706,36.12945465303392,1,Pantum-AP-9DDCCB,28:f3:66:9d:dc:cb,11,-84,
1/12/2017 10:58:0,model=SM-G950F,42.33855667990968,45.81448578381532,42.381878430888435,1,shmulik,d0:d4:12:64:05:12,11,-80,
1/12/2017 10:57:0,model=SM-G950F,19.272807664731047,20.85488943164221,21.39479928474931,3,kawasaki,48:ee:0c:3b:ac:5a,11,-75,Bezeq Free,62:ee:0c:3b:ac:5b,11,-75,Candan,c0:ff:d4:7b:82:30,1,-90,
1/12/2017 10:57:0,model=SM-G950F,3.395325486205896,3.6741739847571493,3.9366743715809034,5,hilda,00:30:4f:91:38:b3,6,-73,Bezeq Free 836CFE,52:0d:7f:83:6c:ff,11,-90,NETGEAR_DGN2200,10:0d:7f:83:6c:fe,11,-93,Ab,90:8d:78:54:d9:69,10,-95,Candan,c0:ff:d4:7b:82:30,1,-96,
1/12/2017 10:57:0,model=SM-G950F,30.482090375293794,32.98409611207041,29.047386757644865,2,arama,80:1f:02:36:04:d0,11,-67,HOTFiber arama,e0:ce:c3:23:12:30,1,-76,
1/12/2017 10:57:0,model=SM-G950F,19.59491994608245,21.203442225949885,21.717054845173216,3,nina,20:0c:c8:2b:2a:14,11,-67,arama,80:1f:02:36:04:d0,11,-76,  InnovationEndeavors,74:da:38:a9:1c:df,2,-89,
1/12/2017 10:57:0,model=SM-G950F,65.1736456629907,70.52193138951762,85.75431193705305,1,LRWN,ec:8c:a2:09:dd:48,11,-59,
1/12/2017 10:57:0,model=SM-G950F,14.925502387194477,16.15126166903513,19.017882610927085,2,Levy,f8:ab:05:46:de:55,10,-85,DIRECT-F4-HP DeskJet 3830 series,c8:d3:ff:57:60:f5,1,-93,
1/12/2017 10:57:0,model=SM-G950F,25.50274432889508,27.596481069407478,25.520597074853697,1,DIRECT-a8-HP M477 LaserJet,aa:6b:ad:04:c6:a8,1,-94,
1/12/2017 10:56:0,model=SM-G950F,29.088422859832924,31.47653805416474,29.110696293516696,1,simon,e4:6f:13:73:0a:c2,8,-90,
1/12/2017 10:56:0,model=SM-G950F,30.103964919989075,32.57545447175859,30.127583753260325,1,Oberyn Martell,18:d6:c7:fb:1c:0e,8,-89,
1/12/2017 10:56:0,model=SM-G950F,30.103964919989075,32.57545447175859,30.127583753260325,1,Home,10:be:f5:40:26:82,10,-89,
1/12/2017 10:55:0,model=SM-G950F,28.123882721092244,30.43281072640324,28.144916916370036,1,Home,34:36:3b:c2:be:b8,11,-91,
1/12/2017 10:55:0,model=SM-G950F,23.953756718850066,25.920324035276053,23.969854568392044,1,BezeqFree,62:be:f5:40:26:83,10,-96,
1/12/2017 10:52:0,model=SM-G950F,44.166302312074095,47.79228617734755,44.2131610292365,1,edimax_5G_A9241C,74:da:38:a9:24:1c,40,-79,
1/12/2017 10:52:0,model=SM-G950F,25.50274432889508,27.596481069407478,25.520597074853697,1,forestisthebest-guest,c8:d7:19:d4:7c:75,6,-94,
1/12/2017 10:51:0,model=SM-G950F,36.09701659454536,39.060525824678706,36.12945465303392,1,edimax_5G_A9241C,74:da:38:a9:24:1c,40,-84,
1/12/2017 10:51:0,model=SM-G950F,26.33409738762604,28.496086888067037,26.35293007170344,1,forestisthebest,c8:d7:19:d4:7c:73,6,-93,
1/12/2017 10:51:0,model=SM-G950F,25.50274432889508,27.596481069407478,25.520597074853697,1,dlink-A09C,ac:f1:df:76:a0:9c,11,-94,
1/12/2017 10:51:0,model=SM-G950F,23.201525857278817,25.106954830387863,29.584423126768392,2,BezeqFree,62:ee:0c:39:f9:16,5,-84,Ronizyc1,48:ee:0c:39:f9:15,5,-85,
1/12/2017 10:51:0,model=SM-G950F,27.206838562222188,29.440478715859584,27.226728972523546,1,Ronizyc1,48:ee:0c:39:f9:15,5,-92,
1/12/2017 10:51:0,model=SM-G950F,42.33855667990968,45.81448578381532,42.381878430888435,1,Li,c0:ac:54:f8:6b:28,1,-80,
1/12/2017 10:51:0,model=SM-G950F,13.835918297616425,14.972057012138382,17.351422233730233,3,oved-main_2EX,74:da:38:97:66:9d,6,-77,HOTBOX12,a0:8e:78:7f:2a:69,1,-87,bait,10:be:f5:3f:b2:ce,10,-94,
1/12/2017 10:50:0,model=SM-G950F,16.32128534960481,17.661673570098436,20.804903743095977,2,Eric 2.4,c4:a8:1d:13:2a:95,1,-87,  InnovationEndeavors,74:da:38:a9:1c:df,2,-89,
1/12/2017 10:50:0,model=SM-G950F,48.22310979952459,52.18105487632536,49.92421730848686,1,shlomi,d8:5d:4c:d9:c4:68,1,-77,
1/12/2017 10:50:0,model=SM-G950F,39.02326984226372,42.227019548649594,39.0605858443721,1,shlomi,d8:5d:4c:d9:c4:68,1,-82,
1/12/2017 10:50:0,model=SM-G950F,12.0230179092449,13.010410258913293,15.323725419853194,2,Gana7_2GExt,64:d9:54:e4:95:37,5,-90,Gana7,48:ee:0c:3c:30:1e,5,-93,
1/12/2017 10:50:0,model=SM-G950F,5.468668508909489,5.917729610844016,6.857116144625589,3,maya salon,c4:a8:1d:12:df:c5,1,-89,@Cafe,52:a8:1d:12:df:c4,1,-92,luxynet,00:c0:02:0a:c6:c2,7,-93,
1/12/2017 10:50:0,model=SM-G950F,30.103964919989075,32.57545447175859,30.127583753260325,1,Shani - Green,54:b8:0a:34:68:90,6,-89,
1/12/2017 10:50:0,model=SM-G950F,20.687987797291242,22.386992032095428,26.366316898039123,2,varda,c4:12:f5:85:27:c2,1,-83,varda_HD,c4:12:f5:85:27:c1,60,-88,
1/12/2017 10:50:0,model=SM-G950F,23.231430730488306,25.138696224417043,23.24674140177647,1,urigil1,a0:ab:1b:5d:c2:60,10,-97,
1/12/2017 10:50:0,model=SM-G950F,27.21615638457129,29.451287149855283,34.673818586957694,2,NIPPON_3687,08:97:58:32:d2:98,2,-79,Gil Kitchen,80:1f:02:a3:7d:62,6,-87,
1/12/2017 10:50:0,model=SM-G950F,65.1736456629907,70.52193138951762,85.75431193705305,1,DIRECT-74-HP DeskJet 4670 series,3c:52:82:af:42:75,1,-59,
1/12/2017 10:50:0,model=SM-G950F,24.29209434014022,26.287402307917574,26.081590901003597,2,DIRECT-CC-HP DeskJet 4670 series,70:5a:0f:b2:64:cd,6,-75,BS-WIFI-4EVER,fc:75:16:55:27:fa,6,-94,
1/12/2017 10:50:0,model=SM-G950F,42.33855667990968,45.81448578381532,42.381878430888435,1,DIRECT-CC-HP DeskJet 4670 series,70:5a:0f:b2:64:cd,6,-80,
1/12/2017 10:50:0,model=SM-G950F,14.978642260827757,16.208404601035916,13.25240714076823,4,DIR-825-4f83,80:26:89:0d:4f:84,1,-71,BezeqFree,06:ae:db:ba:1e:85,11,-76,GuyHila,14:ae:db:ba:1e:85,11,-76,Mevohot_3,60:e3:27:e8:41:e8,11,-80,
1/12/2017 10:49:0,model=SM-G950F,51.3816590064028,55.59814709426635,67.60482130548228,1,Lahav,b0:b2:8f:01:ad:fe,11,-73,
1/12/2017 10:49:0,model=SM-G950F,31.174368163323432,33.733736078848835,31.199450805647444,1,BezeqFree,62:ee:0c:3d:eb:b9,9,-88,
1/12/2017 10:49:0,model=SM-G950F,28.123882721092244,30.43281072640324,28.144916916370036,1,Zvi_2.4,10:5a:f7:0f:d5:32,11,-91,
1/12/2017 11:1:0,model=SM-G950F,66.73092378142977,72.20700291551107,87.80347760349663,1,love,14:ae:db:58:73:75,1,-58,
1/12/2017 11:1:0,model=SM-G950F,30.623423122618718,33.13703779486853,29.176756956919675,2,Bezeq Free GA32E3,52:b0:ce:ac:32:98,1,-67,Lahav,08:3e:5d:5c:72:5e,11,-83,
1/12/2017 11:1:0,model=SM-G950F,53.23970612976984,57.6086689955738,70.05022933821682,1,DIR-825-4f83,80:26:89:0d:4f:84,1,-70,
1/12/2017 11:1:0,model=SM-G950F,46.123137236944174,49.90977383984665,46.173966613595255,1,DIR-825-4f83,80:26:89:0d:4f:84,1,-78,
1/12/2017 11:0:0,model=SM-G950F,14.99263490206106,16.22390752075733,19.113227073476505,2,Oded 5Ghz,00:12:2a:e1:6c:4c,48,-89,Oded 2.4Ghz,00:12:2a:e1:6c:48,11,-89,
1/12/2017 11:0:0,model=SM-G950F,53.23970612976984,57.6086689955738,70.05022933821682,1,HP-Print-AF-Officejet Pro 6830,28:80:23:40:5f:af,6,-70,
1/12/2017 11:0:0,model=SM-G950F,30.103964919989075,32.57545447175859,30.127583753260325,1,Laufer-wifi,4c:60:de:51:8b:ca,11,-89,
1/12/2017 11:0:0,model=SM-G950F,35.10408158082514,37.985840769444295,37.83561485782943,2,UFI_UF230_B3F,00:0b:6c:4d:1b:3f,6,-70,TUCHLER,00:26:5a:69:94:e3,6,-90,
1/12/2017 11:0:0,model=SM-G950F,15.906540686523112,17.212289521502832,17.609961718765213,3,ter123,70:4d:7b:0c:89:50,6,-75,UFI_UF230_B3F,00:0b:6c:4d:1b:3f,6,-81,hot,00:1c:10:09:4f:bc,3,-84,
1/12/2017 11:0:0,model=SM-G950F,57.596146728061335,62.32260762691479,75.78317080060857,1,frank,e8:94:f6:e2:6e:4b,6,-65,
1/12/2017 11:0:0,model=SM-G950F,8.9501989849703,9.685147445130257,11.222990444132257,3,klaiman,a0:ab:1b:62:0d:fc,2,-83,LRWN,0c:f4:d5:29:a2:9c,36,-89,HOTBOX-651B,54:64:d9:5f:59:83,1,-92,
1/12/2017 11:0:0,model=SM-G950F,33.49725204076511,36.24732491267384,33.52567593566331,1,landau,74:da:38:14:4b:88,11,-86,
1/12/2017 11:0:0,model=SM-G950F,52.55856755537785,56.87163490595546,69.15380659179033,1,nina,20:0c:c8:2b:2a:14,11,-71,
1/12/2017 10:59:0,model=SM-G950F,48.22310979952459,52.18105487632536,49.92421730848686,1,HOTBOX-651B,54:64:d9:5f:59:83,1,-77,
1/12/2017 10:59:0,model=SM-G950F,14.296648768149634,15.470763412695721,18.224389983389784,2,WR,00:30:4f:82:7b:30,11,-89,klaiman,a0:ab:1b:62:0d:fc,2,-90,
1/12/2017 10:59:0,model=SM-G950F,14.907506840793175,16.131788290118344,19.00214066730491,2,UFI_UF230_B3F,00:0b:6c:4d:1b:3f,6,-88,hot,00:1c:10:09:4f:bc,3,-90,
1/12/2017 10:59:0,model=SM-G950F,28.667804382326857,31.020903247781497,27.310798010839477,2,nina,20:0c:c8:2b:2a:14,11,-76,DIRECT-1C-HP DeskJet 3830 series,94:57:a5:4b:4f:41,6,-85,
1/12/2017 10:59:0,model=SM-G950F,17.037661462036446,18.4368821422305,21.71349565080209,2,BezeqFree,5a:ab:1b:62:0d:fd,2,-85,geller,00:78:9e:fa:3b:62,11,-90,
1/12/2017 10:59:0,model=SM-G950F,37.51577320601756,40.59575997917934,37.55052782370015,1,ter123,70:4d:7b:0c:89:50,6,-83,
1/12/2017 10:59:0,model=SM-G950F,12.547086332545188,13.577517887521998,15.99261400498079,2,claire,cc:b2:55:67:2b:85,6,-90,Bezeq Free 672B84,62:b2:55:67:2b:86,6,-92,
1/12/2017 10:59:0,model=SM-G950F,28.553908940807695,30.89774713576503,30.73340496394556,2,yotam17,f8:ab:05:e9:6d:3d,10,-78,Yotam_Shir,00:26:5a:24:f4:f0,8,-87,
1/12/2017 10:59:0,model=SM-G950F,20.221559195181058,21.881524819059834,22.473681376783723,3,Beni,c4:12:f5:f4:82:42,9,-71,HOTBOX,c0:ac:54:f7:42:60,1,-84,Baruch_2.4,10:5a:f7:08:27:71,6,-90,
1/12/2017 10:59:0,model=SM-G950F,28.123882721092244,30.43281072640324,28.144916916370036,1,yotam17,b0:b2:8f:36:a2:b3,10,-91,
1/12/2017 10:59:0,model=SM-G950F,40.62775261642205,43.963227634506936,40.6679102790993,1,Daizad,e8:cc:18:ac:1a:52,7,-81,
1/12/2017 10:59:0,model=SM-G950F,14.907506840793175,16.131788290118344,19.00214066730491,2,ter123,70:4d:7b:0c:89:50,6,-88,Daizad,e8:cc:18:ac:1b:e1,3,-90,
1/12/2017 10:58:0,model=SM-G950F,28.669944955223258,31.023211158813716,27.31826827853596,2,frank,e8:94:f6:e2:6e:4b,6,-71,TP-LINK_E3CA,84:16:f9:e4:e3:ca,9,-80,
1/12/2017 10:58:0,model=SM-G950F,37.51577320601756,40.59575997917934,37.55052782370015,1,SIEMENS_LivingRoom,d4:6e:0e:3c:44:e1,1,-83,
1/12/2017 10:58:0,model=SM-G950F,30.08173208747206,32.550885976802434,28.659358650284,2,Oded 2.4Ghz,00:12:2a:e1:6c:48,11,-69,Oded 5Ghz,00:12:2a:e1:6c:4c,48,-84,
1/12/2017 10:58:0,model=SM-G950F,16.271851234375056,17.608179651020613,20.738882491653072,2,DIR-825-4f83,80:26:89:0d:4f:84,1,-86,Oded 5Ghz,00:12:2a:e1:6c:4c,48,-90,
1/12/2017 10:58:0,model=SM-G950F,8.086365430802317,8.750704980439576,9.121616174210601,7,nurit,a0:4f:d4:45:1f:a1,1,-78,sirocco_2.4o,c4:e9:84:83:1a:0a,11,-79,tal,90:8d:78:54:22:a2,1,-79,44870715,14:ae:db:b7:ab:ad,6,-81,tal2,90:8d:78:54:22:a1,60,-84,sirocco_2.4o,14:cc:20:09:3c:b9,11,-86,DIRECT-75-HP DeskJet 4670 series,b0:5a:da:fa:44:76,6,-87,
1/12/2017 10:58:0,model=SM-G950F,32.20288215830176,34.84615295203175,30.673907008265136,2,Yotam _ work _ room,d8:5d:4c:d1:4d:b0,9,-68,tal,90:8d:78:54:22:a2,1,-87,
1/12/2017 10:58:0,model=SM-G950F,16.57856060922576,17.939676130056966,18.41080533533521,3,My_Internet,fc:75:16:2e:5a:47,10,-77,MNP_HOME_2.4GHz_1,04:a1:51:e0:5f:ee,6,-85,test012,00:12:2a:d2:0c:38,1,-88,
1/12/2017 10:58:0,model=SM-G950F,32.30389220102912,34.95599219234684,32.330571125811396,1,HOTBOX111,c0:ac:54:f7:3c:c2,1,-87,
1/12/2017 10:58:0,model=SM-G950F,19.773040034990903,21.396904000833587,25.193269663109955,2,Beni,c4:12:f5:f4:82:42,9,-82,HOTBOX,c0:ac:54:f7:42:60,1,-90,
1/12/2017 10:58:0,model=SM-G950F,5.860297759491307,6.341499883039529,6.469697658794365,4,amnon,c0:ac:54:f8:6c:8a,6,-85,Is,16:0c:c3:ee:27:39,6,-88,My_Internet,fc:75:16:2e:5a:47,10,-90,Beni,c4:12:f5:f4:82:42,9,-91,
1/12/2017 10:58:0,model=SM-G950F,27.599327781209436,29.864716340928403,26.29812655070927,2,HOTBOX-F028,18:1e:78:86:03:15,1,-76,HOTBOX-F028,00:78:9e:fa:6f:c3,1,-80,
1/12/2017 10:58:0,model=SM-G950F,50.886685482610964,55.0625551852081,66.95330153243268,1,orange,00:21:04:e7:95:da,1,-74,
1/12/2017 10:58:0,model=SM-G950F,15.792920068289305,17.08994673092882,18.08713533964906,3,dlink,00:24:01:18:99:57,6,-67,orange,00:21:04:e7:95:da,1,-90,Bezeq Free,62:19:8f:46:9f:bf,6,-94,
1/12/2017 10:57:0,model=SM-G950F,30.103964919989075,32.57545447175859,30.127583753260325,1,Candan,c0:ff:d4:7b:82:30,1,-89,
1/12/2017 10:57:0,model=SM-G950F,34.571206094578976,37.40897518138375,32.95602158316659,2,hilda,00:30:4f:91:36:07,6,-71,DIRECT-29-HP OfficeJet Pro 8710,ec:8e:b5:05:57:19,6,-91,
1/12/2017 10:57:0,model=SM-G950F,28.123882721092244,30.43281072640324,28.144916916370036,1,nina,20:0c:c8:2b:2a:14,11,-91,
1/12/2017 10:57:0,model=SM-G950F,13.726684001609502,14.853990208226548,17.49861999771372,2,ELCHARAR_2.4,20:0c:c8:0f:21:93,1,-90,Bezeq Free T00C36,5a:0c:c8:0f:21:90,1,-90,
1/12/2017 10:57:0,model=SM-G950F,17.33301909697571,18.75607794305525,19.258450600858765,3,Fuck Off Yourself,16:ae:db:c1:ae:55,9,-79,Fuck Off ext,a4:2b:b0:e0:3a:01,11,-80,Mheta_AP,86:2a:a8:eb:a9:60,6,-90,
1/12/2017 10:57:0,model=SM-G950F,30.103964919989075,32.57545447175859,30.127583753260325,1,HOTBOX-8156,b4:ee:b4:a7:81:5c,1,-89,
1/12/2017 10:57:0,model=SM-G950F,29.759629933089467,32.20233889058049,28.356578837238878,2,LRWN,0c:f4:d5:29:a2:9c,36,-68,Talfamily,e0:ce:c3:86:a7:9e,1,-80,
1/12/2017 10:57:0,model=SM-G950F,18.665735854238253,20.198212209477187,20.743131914389167,3,LRWN,ec:8c:a2:09:dd:48,11,-74,  InnovationEndeavors,74:da:38:a9:1c:df,2,-88,HOTFiber-400D,b4:ee:b4:36:dd:b9,6,-89,
1/12/2017 10:57:0,model=SM-G950F,33.49725204076511,36.24732491267384,33.52567593566331,1,LRWN,ec:8c:a2:09:dd:48,11,-86,
1/12/2017 10:57:0,model=SM-G950F,48.22310979952459,52.18105487632536,49.92421730848686,1,HOTBOX111,c0:ac:54:f6:ae:5e,11,-77,
1/12/2017 10:57:0,model=SM-G950F,28.123882721092244,30.43281072640324,28.144916916370036,1,LRWN,ec:8c:a2:09:dd:48,11,-91,
1/12/2017 10:57:0,model=SM-G950F,6.315882961057637,6.834514227402936,7.919245055797029,3,Candan,c0:ff:d4:7b:82:30,1,-89,INGENEO,cc:b2:55:e8:4c:e6,6,-91,DIRECT-a8-HP M477 LaserJet,aa:6b:ad:04:c6:a8,1,-91,
1/12/2017 10:56:0,model=SM-G950F,28.123882721092244,30.43281072640324,28.144916916370036,1,iFOREX,f8:d1:11:b1:92:93,6,-91,
1/12/2017 10:56:0,model=SM-G950F,40.62775261642205,43.963227634506936,40.6679102790993,1,HP-Print-C1-Deskjet 4640 series,28:80:23:f6:e0:c1,11,-81,
1/12/2017 10:55:0,model=SM-G950F,27.061986801180588,29.284456471301194,34.48705685867509,2,edimax_2.4G_ruty,74:da:38:d3:bb:81,2,-80,HP-Print-C1-Deskjet 4640 series,28:80:23:f6:e0:c1,11,-86,
1/12/2017 10:55:0,model=SM-G950F,16.32128534960481,17.661673570098436,20.804903743095977,2,Jamcanup,74:da:38:c3:0d:6b,2,-87,Jamcandown,74:da:38:b6:f6:c9,4,-89,
1/12/2017 10:55:0,model=SM-G950F,48.22310979952459,52.18105487632536,49.92421730848686,1,spielman,f4:f2:6d:34:56:54,1,-77,
1/12/2017 10:54:0,model=SM-G950F,58.66796009796191,63.482376140056125,77.19358610001419,1,oved-main,74:da:39:54:b8:1d,6,-64,
1/12/2017 10:54:0,model=SM-G950F,54.78881931061065,59.28490538773815,72.0888759940564,1,BezeqNGN_001489_2.4GHz_1,c0:a0:bb:cb:59:5b,1,-68,
1/12/2017 10:54:0,model=SM-G950F,42.33855667990968,45.81448578381532,42.381878430888435,1,evanson,7c:03:4c:fe:f6:68,1,-80,
1/12/2017 10:53:0,model=SM-G950F,51.3816590064028,55.59814709426635,67.60482130548228,1,spielman,7c:b7:33:2b:c4:52,1,-73,
1/12/2017 10:53:0,model=SM-G950F,46.123137236944174,49.90977383984665,46.173966613595255,1,KaymeraDev,00:f6:63:15:58:81,1,-78,
1/12/2017 10:53:0,model=SM-G950F,36.09701659454536,39.060525824678706,36.12945465303392,1,KaymeraDev,00:f6:63:15:58:81,1,-84,
1/12/2017 10:51:0,model=SM-G950F,26.33409738762604,28.496086888067037,26.35293007170344,1,evanson,7c:03:4c:fe:f6:68,1,-93,
1/12/2017 10:51:0,model=SM-G950F,73.98607296523082,80.05752444663561,97.35018381072965,1,forestisthebest,c8:d7:19:da:03:16,6,-54,
1/12/2017 10:51:0,model=SM-G950F,40.62775261642205,43.963227634506936,40.6679102790993,1,spielman,7c:b7:33:2b:c4:52,1,-81,
1/12/2017 10:51:0,model=SM-G950F,39.02326984226372,42.227019548649594,39.0605858443721,1,edimax_5G_A9241C,74:da:38:a9:24:1c,40,-82,
1/12/2017 10:51:0,model=SM-G950F,28.123882721092244,30.43281072640324,28.144916916370036,1,dlink-A09C,ac:f1:df:76:a0:9c,11,-91,
1/12/2017 10:51:0,model=SM-G950F,4.379202590271452,4.738769394576162,5.028197567055104,5,Lili,c4:12:f5:f9:5c:7c,11,-86,Liliup,74:da:38:c3:12:45,2,-88,ELCHARAR_2.4,20:0c:c8:0f:21:93,1,-89,Alpha125,10:fe:ed:74:fc:46,1,-90,Bezeq Free T00C36,5a:0c:c8:0f:21:90,1,-92,
1/12/2017 10:51:0,model=SM-G950F,37.51577320601756,40.59575997917934,37.55052782370015,1,oved-main,74:da:39:54:b8:1d,6,-83,
1/12/2017 10:50:0,model=SM-G950F,27.50328226632513,29.7607854134301,26.207825090707146,2,Neeman2.4,20:0c:c8:1d:c8:2b,1,-78,oved-main_2EX,74:da:38:97:66:9d,6,-78,
1/12/2017 10:50:0,model=SM-G950F,21.110065843021296,22.843733134159784,26.8886106466099,2,devolo-0f4,30:d3:2d:37:20:f4,6,-80,HOTBOX-4D4E,00:78:9e:fb:1e:09,1,-91,
1/12/2017 10:50:0,model=SM-G950F,39.02326984226372,42.227019548649594,39.0605858443721,1,stephane,00:24:2b:cf:13:21,1,-82,
1/12/2017 10:50:0,model=SM-G950F,46.123137236944174,49.90977383984665,46.173966613595255,1,Guymic,14:ae:db:b7:99:2d,6,-78,
1/12/2017 10:50:0,model=SM-G950F,31.174368163323432,33.733736078848835,31.199450805647444,1,Gana7_2GExt,64:d9:54:e4:95:37,5,-88,
1/12/2017 10:50:0,model=SM-G950F,48.22310979952459,52.18105487632536,49.92421730848686,1,mika1,c4:12:f5:fb:c0:3e,1,-77,
1/12/2017 10:50:0,model=SM-G950F,34.759682852773075,37.613399207015,34.790019179513855,1,ronkla2_5,3c:1e:04:07:2a:ff,48,-85,
1/12/2017 10:50:0,model=SM-G950F,31.174368163323432,33.733736078848835,31.199450805647444,1,varda,c4:12:f5:85:27:c2,1,-88,
1/12/2017 10:50:0,model=SM-G950F,51.3816590064028,55.59814709426635,67.60482130548228,1,Ben Ami_2.4,c4:04:15:60:6a:b5,11,-73,
1/12/2017 10:50:0,model=SM-G950F,50.886685482610964,55.0625551852081,66.95330153243268,1,Helen.,a0:ab:1b:57:cd:42,10,-74,
1/12/2017 10:50:0,model=SM-G950F,33.49725204076511,36.24732491267384,33.52567593566331,1,varda,c4:12:f5:85:27:c2,1,-86,
1/12/2017 10:50:0,model=SM-G950F,21.110065843021296,22.843733134159784,26.8886106466099,2,NIPPON_3687,08:97:58:32:d2:98,2,-80,Hotbox,00:78:9e:f9:e8:58,11,-91,
1/12/2017 10:50:0,model=SM-G950F,31.174368163323432,33.733736078848835,31.199450805647444,1,NIPPON_3687,08:97:58:32:d2:98,2,-88,
1/12/2017 10:50:0,model=SM-G950F,29.897748571590505,32.35179160402164,28.490057043867086,2,DIR-825-4f83,80:26:89:0d:4f:84,1,-68,DIR-825-4f83,80:26:89:0d:4f:84,1,-77,
1/12/2017 10:49:0,model=SM-G950F,53.23970612976984,57.6086689955738,70.05022933821682,1,Mevohot_1,20:0c:c8:1b:a2:48,6,-70,
1/12/2017 10:49:0,model=SM-G950F,53.98288446760129,58.41283397023432,71.02827087211415,1,Orit,c4:a8:1d:12:7d:4c,6,-69,
1/12/2017 10:49:0,model=SM-G950F,33.49725204076511,36.24732491267384,33.52567593566331,1,Chakir,00:12:2a:35:c8:7c,1,-86,
1/12/2017 10:49:0,model=SM-G950F,46.123137236944174,49.90977383984665,46.173966613595255,1,love,14:ae:db:58:73:75,1,-78,
1/12/2017 10:49:0,model=SM-G950F,40.62775261642205,43.963227634506936,40.6679102790993,1,Volvo247,08:97:58:32:69:c6,4,-81,
1/12/2017 10:49:0,model=SM-G950F,50.45545332855235,54.595935412614196,66.3856289078025,1,Efrat,40:65:a3:35:4c:c4,1,-75,
1/12/2017 11:7:0,model=SM-G950F,20.881449607875986,22.59634199253373,26.62373225886659,2,Km,48:ee:0c:3d:eb:b8,9,-85,HUAWEI-009D,14:9d:09:80:00:9d,4,-86,
1/12/2017 11:7:0,model=SM-G950F,68.3846821882631,73.9964721044399,89.9795900148552,1,Orit,c4:a8:1d:12:7d:4c,6,-57,
1/12/2017 11:7:0,model=SM-G950F,61.03071717240337,66.03902580387098,80.3027319811986,1,Bezeq Free GA32E3,52:b0:ce:ac:32:98,1,-62,
1/12/2017 11:7:0,model=SM-G950F,56.59377662634745,61.237981045761096,74.46412236157106,1,DIR-825-4f83,80:26:89:0d:4f:84,1,-66,
1/12/2017 11:6:0,model=SM-G950F,50.886685482610964,55.0625551852081,66.95330153243268,1,DIR-825-4f83,80:26:89:0d:4f:84,1,-74,
1/12/2017 11:6:0,model=SM-G950F,40.62775261642205,43.963227634506936,40.6679102790993,1,DIR-825-4f83,80:26:89:0d:4f:84,1,-81,
1/12/2017 11:6:0,model=SM-G950F,30.103964919989075,32.57545447175859,30.127583753260325,1,HOTBOX-2017,c0:ac:54:f5:7d:bd,11,-89,
1/12/2017 11:6:0,model=SM-G950F,32.30389220102912,34.95599219234684,32.330571125811396,1,DIR-825-4f83,80:26:89:0d:4f:84,1,-87,
1/12/2017 11:6:0,model=SM-G950F,36.09701659454536,39.060525824678706,36.12945465303392,1,TP-LINK_76C08E,14:cc:20:76:c0:8e,1,-84,
1/12/2017 11:6:0,model=SM-G950F,53.98288446760129,58.41283397023432,71.02827087211415,1,ter123,70:4d:7b:0c:89:50,6,-69,
1/12/2017 11:6:0,model=SM-G950F,14.241379776430753,15.410955432898593,18.151685737520722,2,  InnovationEndeavors,74:da:38:a9:1c:df,2,-88,snapper1,00:78:9e:fa:0e:db,1,-91,
1/12/2017 11:6:0,model=SM-G950F,28.123882721092244,30.43281072640324,28.144916916370036,1,InnovationEndeavors-guest,14:ae:db:48:af:4d,9,-91,
1/12/2017 11:6:0,model=SM-G950F,50.886685482610964,55.0625551852081,66.95330153243268,1,Home,82:2a:a8:bf:94:29,11,-74,
1/12/2017 11:6:0,model=SM-G950F,51.3816590064028,55.59814709426635,67.60482130548228,1,LRWN,0c:f4:d5:29:a2:9c,36,-73,
1/12/2017 11:5:0,model=SM-G950F,14.962834136042378,16.19113674878622,17.197248910120706,3,LRWN,0c:f4:d5:29:a2:9c,36,-83,HOTFiber-400D,40:65:a3:2b:62:22,6,-83,HP-Setup>77-M277 LaserJet,92:cd:b6:2b:e9:77,1,-87,
1/12/2017 11:5:0,model=SM-G950F,30.103964919989075,32.57545447175859,30.127583753260325,1,LRWN,0c:f4:d5:29:a2:9c,36,-89,
1/12/2017 11:5:0,model=SM-G950F,34.759682852773075,37.613399207015,34.790019179513855,1,A-Home,00:25:86:b1:6f:f8,6,-85,
1/12/2017 11:5:0,model=SM-G950F,28.123882721092244,30.43281072640324,28.144916916370036,1,RS_GUEST,e4:6f:13:71:f5:ce,9,-91,
1/12/2017 11:5:0,model=SM-G950F,27.53849348565009,29.79888982862162,26.23941942167358,2,Lili,c4:12:f5:f9:5c:7c,11,-79,HOTBOX-2E6E,b0:b2:8f:1e:ea:68,11,-81,
1/12/2017 11:5:0,model=SM-G950F,20.072964020496606,21.721479012272685,23.435498445382656,2,oved-main_2EX,74:da:38:54:b8:1c,6,-80,bait,10:be:f5:3f:b2:ce,10,-92,
1/12/2017 11:5:0,model=SM-G950F,14.296648768149634,15.470763412695721,18.224389983389784,2,Rozenkrants,86:2a:a8:a1:a0:b5,1,-89,RS_GUEST,ec:08:6b:38:0d:dd,12,-90,
1/12/2017 11:5:0,model=SM-G950F,58.66796009796191,63.482376140056125,77.19358610001419,1,stephane,00:24:2b:cf:13:21,1,-64,
1/12/2017 11:5:0,model=SM-G950F,36.08752936109585,39.04967257258846,34.36531331291601,2,shlomi,d8:5d:4c:d9:c4:68,1,-65,gononsmarthome,18:cc:23:00:18:45,3,-89,
1/12/2017 11:5:0,model=SM-G950F,15.396751642789498,16.660651722066916,17.02642714142253,3,HOTBOX-1966,6c:2e:85:fe:da:b8,6,-75,SEW132_23574336,08:97:58:31:e0:c6,3,-79,ronkla2,3c:1e:04:07:2a:fe,6,-80,
1/12/2017 11:5:0,model=SM-G950F,34.759682852773075,37.613399207015,34.790019179513855,1,SEW132_23574336,08:97:58:31:e0:c6,3,-85,
1/12/2017 11:5:0,model=SM-G950F,28.123882721092244,30.43281072640324,28.144916916370036,1,Liza,8c:59:c3:ea:db:4b,36,-91,
1/12/2017 11:4:0,model=SM-G950F,42.33855667990968,45.81448578381532,42.381878430888435,1,varda,c4:12:f5:85:27:c2,1,-80,
1/12/2017 11:4:0,model=SM-G950F,16.32128534960481,17.661673570098436,20.804903743095977,2,kenley-up,88:dc:96:3b:f5:e0,6,-87,DIR-825-4f83,80:26:89:0d:4f:84,1,-89,
1/12/2017 11:4:0,model=SM-G950F,21.78796703427327,23.57730723271166,27.771384439757238,2,Gil Kitchen,80:1f:02:a3:7d:62,6,-83,varda,c4:12:f5:85:27:c2,1,-87,
1/12/2017 11:4:0,model=SM-G950F,20.872146229690784,22.58627440440612,26.590813084863,2,HOTBOX1234,00:78:9e:f9:f5:5b,1,-81,DIRECT-56-HP OfficeJet 6950,30:e1:71:be:67:57,11,-90,
1/12/2017 11:4:0,model=SM-G950F,40.62775261642205,43.963227634506936,40.6679102790993,1,Lahav,fc:b4:e6:d2:86:9e,11,-81,
1/12/2017 11:4:0,model=SM-G950F,68.3846821882631,73.9964721044399,89.9795900148552,1,BezeqFree,06:ae:db:58:73:75,1,-57,
1/12/2017 11:4:0,model=SM-G950F,50.886685482610964,55.0625551852081,66.95330153243268,1,BezeqFree,06:ae:db:58:73:75,1,-74,
1/12/2017 11:7:0,model=SM-G950F,58.66796009796191,63.482376140056125,77.19358610001419,1,Orit,c4:a8:1d:12:7d:4c,6,-64,
1/12/2017 11:7:0,model=SM-G950F,28.553908940807695,30.89774713576503,30.73340496394556,2,Orit,c4:a8:1d:12:7d:4c,6,-78,Basement,f4:f2:6d:af:45:26,3,-87,
1/12/2017 11:7:0,model=SM-G950F,24.71011248882664,26.738775415392613,24.727055780247433,1,DIRECT-CC-HP DeskJet 4670 series,70:5a:0f:b2:64:cd,6,-95,
1/12/2017 11:7:0,model=SM-G950F,39.02326984226372,42.227019548649594,39.0605858443721,1,sellahome,d8:fb:5e:17:47:f8,9,-82,
1/12/2017 11:6:0,model=SM-G950F,33.49725204076511,36.24732491267384,33.52567593566331,1,HOTBOX-1A14,00:07:26:4f:07:ae,6,-86,
1/12/2017 11:6:0,model=SM-G950F,39.02326984226372,42.227019548649594,39.0605858443721,1,ELDAD,10:0d:7f:80:17:80,11,-82,
1/12/2017 11:6:0,model=SM-G950F,13.657666571588848,14.77930469932141,17.4085498029899,2,HOTBOX-2017,c0:ac:54:f5:7d:bd,11,-89,Oded,14:cc:20:76:b8:2a,11,-91,
1/12/2017 11:6:0,model=SM-G950F,29.088422859832924,31.47653805416474,29.110696293516696,1,UFI_UF230_B3F,00:0b:6c:4d:1b:3f,6,-90,
1/12/2017 11:6:0,model=SM-G950F,13.75856134637128,14.888485409772104,17.529230558593227,2,DIRECT-75-HP DeskJet 4670 series,b0:5a:da:fa:44:76,6,-85,ELDAD,10:0d:7f:80:17:80,11,-95,
1/12/2017 11:6:0,model=SM-G950F,9.900504939027172,10.713585587599834,12.619673181202163,2,maya salon,c4:a8:1d:12:df:c5,1,-94,@Cafe,52:a8:1d:12:df:c4,1,-94,
1/12/2017 11:6:0,model=SM-G950F,24.71011248882664,26.738775415392613,24.727055780247433,1,klaiman,a0:ab:1b:62:0d:fc,2,-95,
1/12/2017 11:6:0,model=SM-G950F,36.1615428604901,39.12973235075301,34.454568585614936,2,UFI_UF230_B3F,00:0b:6c:4d:1b:3f,6,-58,Oded,14:cc:20:76:b8:2a,11,-82,
1/12/2017 11:6:0,model=SM-G950F,25.50274432889508,27.596481069407478,25.520597074853697,1,InnovationEndeavors-guest,14:ae:db:48:af:4d,9,-94,
1/12/2017 11:6:0,model=SM-G950F,31.174368163323432,33.733736078848835,31.199450805647444,1,Siemens,d0:d4:12:5e:db:f2,11,-88,
1/12/2017 11:6:0,model=SM-G950F,23.953756718850066,25.920324035276053,23.969854568392044,1,HOTBOX-8156,b4:ee:b4:a7:81:5c,1,-96,
1/12/2017 11:6:0,model=SM-G950F,32.30389220102912,34.95599219234684,32.330571125811396,1,DIRECT-A5-HP DeskJet 3700 series,40:b0:34:62:33:a6,6,-87,
1/12/2017 11:5:0,model=SM-G950F,36.237633459801664,39.21380503394835,38.885009049502926,2,LRWN,ec:8c:a2:09:dd:48,11,-62,simon,e4:6f:13:73:0a:c2,8,-91,
1/12/2017 11:5:0,model=SM-G950F,15.64913649427459,16.933786157148866,18.045529823816135,3,simon,e4:6f:13:73:0a:c2,8,-79,HTC,06:c2:3e:e4:21:85,4,-86,LRWN,ec:8c:a2:09:dd:48,11,-87,
1/12/2017 11:5:0,model=SM-G950F,24.71011248882664,26.738775415392613,24.727055780247433,1,GFCM,14:ae:db:32:d5:c2,4,-95,
1/12/2017 11:5:0,model=SM-G950F,44.166302312074095,47.79228617734755,44.2131610292365,1,oved-main,74:da:39:54:b8:1d,6,-79,
1/12/2017 11:5:0,model=SM-G950F,33.49725204076511,36.24732491267384,33.52567593566331,1,,fa:8f:ca:35:6e:e9,1,-86,
1/12/2017 11:5:0,model=SM-G950F,23.953756718850066,25.920324035276053,23.969854568392044,1,David,c4:12:f5:82:92:78,9,-96,
1/12/2017 11:5:0,model=SM-G950F,46.123137236944174,49.90977383984665,46.173966613595255,1,SEW132_23574336,08:97:58:31:e0:c6,3,-78,
1/12/2017 11:5:0,model=SM-G950F,17.150444541815784,18.558927593430575,21.864000046281454,2,SEW132_23574336,08:97:58:31:e0:c6,3,-87,Shani - Green,54:b8:0a:34:78:d0,6,-88,
1/12/2017 11:4:0,model=SM-G950F,14.907506840793175,16.131788290118344,19.00214066730491,2,Liza,8c:59:c3:ea:db:4a,1,-88,INGENEO,cc:b2:55:e8:4c:e6,6,-90,
1/12/2017 11:4:0,model=SM-G950F,27.206838562222188,29.440478715859584,27.226728972523546,1,GFCM,14:ae:db:32:d5:c2,4,-92,
1/12/2017 11:4:0,model=SM-G950F,55.65862058429303,60.226084255296385,73.23350661462905,1,DIRECT-CC-HP DeskJet 4670 series,70:5a:0f:b2:64:cd,6,-67,
1/12/2017 11:4:0,model=SM-G950F,29.088422859832924,31.47653805416474,29.110696293516696,1,sellahome,d8:fb:5e:17:47:f8,9,-90,
1/12/2017 11:4:0,model=SM-G950F,26.33409738762604,28.496086888067037,26.35293007170344,1,Orit,c4:a8:1d:12:7d:4c,6,-93,
1/12/2017 11:4:0,model=SM-G950F,26.33409738762604,28.496086888067037,26.35293007170344,1,Basement,f4:f2:6d:af:45:26,3,-93,
1/12/2017 11:3:0,model=SM-G950F,34.759682852773075,37.613399207015,34.790019179513855,1,HUAWEI-00F1,14:9d:09:80:00:f1,6,-85,
1/12/2017 11:11:0,model=SM-G950F,27.206838562222188,29.440478715859584,27.226728972523546,1,DIRECT-F6-HP DeskJet 3830 series,30:e1:71:fb:1e:f7,11,-92,
1/12/2017 11:11:0,model=SM-G950F,17.00002743789746,18.39554048653177,18.84458256401337,3,Lahav,b0:b2:8f:01:ad:fe,11,-74,dobry2016,6c:b0:ce:ac:32:9b,1,-84,Bezeq Free GA32E3,52:b0:ce:ac:32:98,1,-86,
1/12/2017 11:11:0,model=SM-G950F,12.529300013018958,13.55827084104067,15.966669050087315,2,Lahav,b0:b2:8f:01:ad:fe,11,-88,DIRECT-CC-HP DeskJet 4670 series,70:5a:0f:b2:64:cd,6,-94,
1/12/2017 11:11:0,model=SM-G950F,5.242898260524385,5.6734198185507845,6.574043795907272,3,Oded 5Ghz,00:12:2a:e1:6c:4c,48,-87,Oded,14:cc:20:76:b8:2a,11,-94,Oded 2.4Ghz,00:12:2a:e1:6c:48,11,-94,
1/12/2017 11:11:0,model=SM-G950F,32.30389220102912,34.95599219234684,32.330571125811396,1,UFI_UF230_B3F,00:0b:6c:4d:1b:3f,6,-87,
1/12/2017 11:11:0,model=SM-G950F,15.021654996324516,16.25531080189992,19.137995742742433,2,hot,00:1c:10:09:4f:bc,3,-84,Floor 2,74:da:38:b6:f3:7a,2,-94,
1/12/2017 11:11:0,model=SM-G950F,29.076555597163427,31.46320308582207,27.701710551470363,2,HOTBOX-2017,c0:ac:54:f5:7d:bd,11,-72,HP-Print-AF-Officejet Pro 6830,28:80:23:40:5f:af,6,-84,
1/12/2017 11:11:0,model=SM-G950F,32.8480049512138,35.54424092524555,31.28038970353054,2,Oded,14:cc:20:76:b8:2a,11,-72,HOTBOX-2017,c0:ac:54:f5:7d:bd,11,-89,
1/12/2017 11:11:0,model=SM-G950F,27.739591758012136,30.01805493245317,32.585690356845554,2,UFI_UF230_B3F,00:0b:6c:4d:1b:3f,6,-73,Oded,14:cc:20:76:b8:2a,11,-94,
1/12/2017 11:10:0,model=SM-G950F,27.83313785174915,30.117846963779826,29.703738368717495,2,HOTBOX-62EF,d8:fb:5e:17:62:f5,1,-80,UFI_UF230_B3F,00:0b:6c:4d:1b:3f,6,-85,
1/12/2017 11:10:0,model=SM-G950F,11.55574627115625,12.50476386947918,14.728772897430611,2,UFI_UF230_B3F,00:0b:6c:4d:1b:3f,6,-91,snapper1,00:78:9e:fa:0e:db,1,-93,
1/12/2017 11:10:0,model=SM-G950F,26.33409738762604,28.496086888067037,26.35293007170344,1,HOTBOX-C18E,e0:ce:c3:8c:c1:94,1,-93,
1/12/2017 11:10:0,model=SM-G950F,24.71011248882664,26.738775415392613,24.727055780247433,1,Candan,c0:ff:d4:7b:82:30,1,-95,
1/12/2017 11:10:0,model=SM-G950F,61.03071717240337,66.03902580387098,80.3027319811986,1,Talfamily2,90:8d:78:b6:28:f6,5,-62,
1/12/2017 11:10:0,model=SM-G950F,28.123882721092244,30.43281072640324,28.144916916370036,1,Avisky,00:78:9e:fa:b2:d0,11,-91,
1/12/2017 11:10:0,model=SM-G950F,8.111318741659769,8.777383885597875,10.170582739314034,3,INGENEO,cc:b2:55:e8:4c:e6,6,-88,Candan,c0:ff:d4:7b:82:30,1,-88,simon,e4:6f:13:73:0a:c2,8,-90,
1/12/2017 11:10:0,model=SM-G950F,27.206838562222188,29.440478715859584,27.226728972523546,1,Alpha125,10:fe:ed:74:fc:46,1,-92,
1/12/2017 11:10:0,model=SM-G950F,27.206838562222188,29.440478715859584,27.226728972523546,1,  InnovationEndeavors,74:da:38:a9:1c:df,2,-92,
1/12/2017 11:10:0,model=SM-G950F,5.643979005511778,6.107423490648703,7.060864608047906,4,Hetz2,74:da:38:6c:89:7b,1,-83,DIRECT-85-HP OfficeJet Pro 6960,98:e7:f4:0a:dd:86,6,-89,RDK,58:b6:33:34:ae:f8,11,-91,gononsmarthome,18:cc:23:00:18:45,3,-92,
1/12/2017 11:9:0,model=SM-G950F,3.28640138925027,3.556264573938696,4.12075499013382,3,G10,c0:ac:54:f8:0c:ac,11,-94,TP-LINK-BET,f8:d1:11:ce:e5:e6,4,-96,HP-Print-AF-Officejet Pro 6830,28:80:23:40:5f:af,6,-96,
1/12/2017 11:9:0,model=SM-G950F,39.02326984226372,42.227019548649594,39.0605858443721,1,BezeqNGN_10072E_5GHz_1,c4:04:15:60:6a:b6,48,-82,
1/12/2017 11:9:0,model=SM-G950F,9.146409014783835,9.897559409158797,11.657399520437949,2,KaymeraGuest,00:f6:63:15:58:82,1,-94,alfa,f4:f2:6d:5e:d0:48,11,-96,
1/12/2017 11:9:0,model=SM-G950F,14.296648768149634,15.470763412695721,18.224389983389784,2,Candan,c0:ff:d4:7b:82:30,1,-89,KaymeraDev,00:f6:63:15:58:81,1,-90,
1/12/2017 11:9:0,model=SM-G950F,17.90866597217916,19.378765514303105,19.824684346267485,3,DIRECT-CC-HP DeskJet 4670 series,70:5a:0f:b2:64:cd,6,-68,ELDAD,10:0d:7f:80:17:80,11,-77,Lahav,b0:b2:8f:01:ad:fe,11,-87,
1/12/2017 11:9:0,model=SM-G950F,14.296648768149634,15.470763412695721,18.224389983389784,2,dobry2016,6c:b0:ce:ac:32:9b,1,-89,Bezeq Free GA32E3,52:b0:ce:ac:32:98,1,-90,
1/12/2017 11:9:0,model=SM-G950F,50.45545332855235,54.595935412614196,66.3856289078025,1,HOTBOX-1234,7c:03:4c:ba:f5:5a,6,-75,

