d4:6e:0e:3c:44:e1,SIEMENS_LivingRoom,1,-77,32.170203204682736,34.81248447848132,34.90574762557573,Fri Dec 01 10:59:44 IST 2017,64.34041794663912,69.62498696987242,68.98665425276263
8c:dc:d4:6a:a9:8a,HP-Print-8A-Deskjet 4640 series,11,-84,32.17008735612339,34.812394748011684,36.16789164756158,Fri Dec 01 11:00:34 IST 2017,96.5102593917399,104.43718338688228,108.27907549188271
ec:08:6b:38:0d:dc,RS_GUEST_5G,44,-89,32.168823167573045,34.810544049627936,27.11526685223747,Fri Dec 01 10:44:57 IST 2017,32.168823167573045,34.810544049627936,27.11526685223747
a4:2b:b0:d4:55:36,Motti11,6,-74,32.17101662870112,34.81293013505876,38.28686207524488,Fri Dec 01 11:00:49 IST 2017,128.68424320000003,139.25201711,155.0
c4:12:f5:85:27:c1,varda_HD,60,-88,32.17226944,34.81201158,41.0,Fri Dec 01 10:50:21 IST 2017,32.17226944,34.81201158,41.0
74:da:38:6c:89:7b,Hetz2,1,-83,32.17043936,34.81118089,28.999999999999996,Fri Dec 01 11:10:04 IST 2017,32.17043936,34.81118089,28.999999999999996
28:80:23:40:5f:af,HP-Print-AF-Officejet Pro 6830,6,-70,32.17092567446875,34.81277314416322,36.72447296373416,Fri Dec 01 11:00:47 IST 2017,96.52906471036933,104.45454081362072,107.02019864383584
74:da:38:d3:bb:81,edimax_2.4G_ruty,2,-80,32.16917019230133,34.8106650271149,28.773555043061783,Fri Dec 01 10:55:56 IST 2017,32.16917019230133,34.8106650271149,28.773555043061783
f4:f2:6d:5e:d0:48,alfa,11,-96,32.17206721,34.81192728,32.0,Fri Dec 01 11:09:44 IST 2017,32.17206721,34.81192728,32.0
00:24:2b:cf:13:21,stephane,1,-64,32.170210435825304,34.81109193815903,37.126482555376896,Fri Dec 01 11:05:21 IST 2017,64.34043154474496,69.62218637784544,71.71329084751684
14:9d:09:80:00:f1,HUAWEI-00F1,6,-85,32.17223176,34.81443004,45.0,Fri Dec 01 11:03:43 IST 2017,32.17223176,34.81443004,45.0
fc:15:b4:65:09:20,HP-Print-20-Deskjet 4640 series,1,-83,32.16986520199462,34.81091750988954,32.80783563286452,Fri Dec 01 10:44:40 IST 2017,64.33972823063408,69.6218355656239,65.2018707475621
d8:5d:4c:d9:c4:68,shlomi,1,-65,32.17042076152296,34.811177101038275,34.09463673243785,Fri Dec 01 11:05:18 IST 2017,96.51128202941608,104.43353208629277,98.92626597366124
00:f6:63:15:58:81,KaymeraDev,1,-78,32.16974531432345,34.81090447281064,31.479236094759234,Fri Dec 01 10:53:44 IST 2017,128.68315924601706,139.2454411750955,139.3592062656873
b4:ee:b4:a7:81:5c,HOTBOX-8156,1,-89,32.16943847279302,34.81210568326503,32.780742151943365,Fri Dec 01 10:57:23 IST 2017,128.67780210707448,139.24844578078026,131.16529272330712
fa:8f:ca:35:6e:e9, ,1,-86,32.16991824,34.81090236,25.0,Fri Dec 01 11:05:24 IST 2017,32.16991824,34.81090236,25.0
c8:d7:19:da:03:16,forestisthebest,6,-54,32.16928693821687,34.81069290090927,31.775689845980768,Fri Dec 01 10:51:26 IST 2017,64.33843459800852,69.62132710254775,68.40255871721027
84:16:f9:d7:2c:3a,TP-LINK_2C3A,1,-90,32.17094198600168,34.81148871152029,29.247534754719787,Fri Dec 01 10:44:22 IST 2017,32.17094198600168,34.81148871152029,29.247534754719787
b4:ee:b4:86:c0:f1,Efrat,11,-74,32.1722107222405,34.81445424660386,12.094781600289364,Fri Dec 01 10:43:00 IST 2017,32.172238019565235,34.81444473498782,10.580361150029846
f8:ab:05:46:de:55,Levy,10,-85,32.16876228,34.81066791,31.0,Fri Dec 01 10:57:04 IST 2017,32.16876228,34.81066791,31.0
00:f6:63:15:58:80,kaymeraQA,1,-82,32.16872739,34.81060785,38.0,Fri Dec 01 10:44:59 IST 2017,32.16872739,34.81060785,38.0
c4:04:15:60:6a:b6,BezeqNGN_10072E_5GHz_1,48,-82,32.17180755,34.81183239,31.000000000000004,Fri Dec 01 11:09:47 IST 2017,32.17180755,34.81183239,31.000000000000004
48:ee:0c:3b:ac:5a,kawasaki,11,-75,32.16981779,34.81346387,35.0,Fri Dec 01 10:57:58 IST 2017,32.16981779,34.81346387,35.0
14:ae:db:cc:ed:6d,KarvatB0.5,48,-89,32.172265215924426,34.81421445142988,22.818991521293682,Fri Dec 01 10:43:18 IST 2017,32.172265215924426,34.81421445142988,22.818991521293682
c0:ff:d4:7b:82:30,Candan,1,-86,32.16882337970246,34.81108357554333,33.5890225262382,Fri Dec 01 10:59:59 IST 2017,96.51402907756584,104.44495401002708,93.70958089752764
e8:94:f6:e2:6e:4b,frank,6,-65,32.17024183975294,34.81264169614259,32.25597210025929,Fri Dec 01 11:00:34 IST 2017,96.510742075204,104.4379826830207,98.87483863449836
90:8d:78:54:d9:69,Ab,10,-95,32.1696487,34.81343376,35.0,Fri Dec 01 10:57:55 IST 2017,0.015088007402216868,0.01632797893336854,0.016415481064224066
c4:a8:1d:12:df:c5,maya salon,1,-89,32.1712926205347,34.812243022487316,33.69111416124605,Fri Dec 01 10:50:36 IST 2017,64.3425795,69.62455426999999,67.0
90:8d:78:54:22:a1,tal2,60,-78,32.17109291186606,34.81311277221877,36.798930733338246,Fri Dec 01 10:59:23 IST 2017,96.51327848640513,104.43933572592665,109.87277115238635
74:da:38:a9:24:1c,edimax_5G_A9241C,40,-79,32.16937130579729,34.81071844021892,30.531266805503492,Fri Dec 01 10:52:43 IST 2017,96.50811321800853,104.43215573254774,91.408083632363
4c:60:de:51:8b:ca,Laufer-wifi,11,-89,32.17077878136477,34.812722779871706,34.21889968642795,Fri Dec 01 11:00:44 IST 2017,32.19053176514854,34.83410676087996,28.948922490971412
c4:a8:1d:12:7d:4c,Orit,6,-57,32.17228570570242,34.81405811537274,36.20858999951032,Fri Dec 01 11:07:12 IST 2017,128.6894742880756,139.25390473906904,152.93962047051264
00:1c:10:09:4f:bc,hot,3,-71,32.17040047852396,34.8125257195091,39.54632053810244,Fri Dec 01 10:58:44 IST 2017,128.68167679716078,139.25008747538044,142.13345580672063
14:ae:db:ba:1e:85,GuyHila,11,-76,32.1724094,34.81316731,41.0,Fri Dec 01 10:50:00 IST 2017,32.1724094,34.81316731,41.0
c4:12:f5:fb:c0:3e,mika1,1,-77,32.17125358527708,34.81164527934201,30.391263421940565,Fri Dec 01 10:50:38 IST 2017,64.34251741146467,69.62329650320169,60.71135473627148
3c:1e:04:07:2a:fe,ronkla2,6,-80,32.17134387611023,34.8116686534985,41.11423605499236,Fri Dec 01 11:05:06 IST 2017,32.17134387611023,34.8116686534985,41.11423605499236
58:b6:33:34:81:a8,RDK,1,-85,32.170487060179966,34.81121198522807,31.01357345365992,Fri Dec 01 10:44:30 IST 2017,64.34097205858892,69.62241316029036,67.48330590693121
6a:0c:c8:1d:c8:28,Bezeq Free F026CC,1,-81,32.169983587299356,34.81095238145859,36.99999999999999,Fri Dec 01 10:44:40 IST 2017,32.179014723325864,34.82065124821521,37.01025924153232
a0:4f:d4:42:ba:71,cactus,1,-95,32.16872739,34.81060785,38.0,Fri Dec 01 10:44:59 IST 2017,0.0047841652870315296,0.005177068389351576,0.005651397977394408
52:a8:1d:12:df:c4,@Cafe,1,-92,32.171290880406936,34.81226370160693,33.57526011560693,Fri Dec 01 10:50:36 IST 2017,0.015404904736352455,0.01666951549308575,0.016041144532224022
52:0d:7f:83:6c:ff,Bezeq Free 836CFE,11,-90,32.1696487,34.81343376,35.0,Fri Dec 01 10:57:55 IST 2017,1.6718013742068551E-6,1.8091943416474835E-6,1.8188898686120848E-6
86:2a:a8:eb:a9:60,Mheta_AP,6,-90,32.16927107246911,34.81201044802282,27.21999505256496,Fri Dec 01 10:57:26 IST 2017,32.16927107246911,34.81201044802282,27.21999505256496
98:e7:f4:0a:dd:86,DIRECT-85-HP OfficeJet Pro 6960,6,-89,32.17043936,34.81118089,29.0,Fri Dec 01 11:10:04 IST 2017,0.0046698271679489044,0.005053154433154304,0.004209609522427057
74:da:38:c3:12:45,Liliup,2,-88,32.169491346626565,34.81077184677352,30.418708757918328,Fri Dec 01 10:51:08 IST 2017,32.169491346626565,34.81077184677352,30.418708757918328
00:f6:63:15:58:82,KaymeraGuest,1,-86,32.1704491104765,34.81125136656855,38.76145420119279,Fri Dec 01 10:44:52 IST 2017,0.037349446163659,0.04041509183317847,0.04837246505990156
30:b5:c2:e0:55:9c,Alpha125,6,-82,32.16951125021677,34.81077875598322,33.10225106303703,Fri Dec 01 10:44:43 IST 2017,32.16968089,34.81083325,37.0
10:0d:7f:83:6c:fe,NETGEAR_DGN2200,11,-93,32.1696487,34.81343376,35.0,Fri Dec 01 10:57:55 IST 2017,2.0639523138356236E-10,2.2335732612931895E-10,2.2455430476692406E-10
80:1f:02:36:04:d0,arama,11,-67,32.16974582276758,34.81240250964523,34.47197963297137,Fri Dec 01 10:57:43 IST 2017,96.52183917316898,104.45052576347538,99.43703839639097
30:e1:71:be:67:57,DIRECT-56-HP OfficeJet 6950,11,-90,32.17257421641877,34.81234245317759,43.21979901905486,Fri Dec 01 11:04:45 IST 2017,32.17257421641877,34.81234245317759,43.21979901905486
e4:6f:13:73:0a:c2,simon,8,-79,32.16878138815954,34.8107729439393,31.117820137214046,Fri Dec 01 11:05:42 IST 2017,128.67518438999997,139.24453948000001,126.99999999999999
d0:d4:12:65:19:a2,netbox,1,-96,32.1692751,34.81066887,38.0,Fri Dec 01 10:44:49 IST 2017,32.1692751,34.81066887,38.0
00:78:9e:fa:b2:d0,Avisky,11,-91,32.16871788,34.811185,29.0,Fri Dec 01 11:10:32 IST 2017,32.16871788,34.811185,29.0
00:78:9e:fb:1e:09,HOTBOX-4D4E,1,-91,32.170053389171805,34.81099874038432,30.62659341727973,Fri Dec 01 10:50:56 IST 2017,32.170053389171805,34.81099874038432,30.62659341727973
54:64:d9:5f:59:83,HOTBOX-651B,1,-77,32.169449438584905,34.81211574693812,29.925594414509078,Fri Dec 01 10:59:59 IST 2017,64.33907924061197,69.62431596579707,59.86687867049567
e4:d3:f1:9a:81:60,rdk,13,-85,32.17052489858893,34.811243700290355,28.48330590693121,Fri Dec 01 10:44:30 IST 2017,0.008253533224108323,0.008931024823455097,0.007307555981021903
86:2a:a8:a1:a0:b5,Rozenkrants,1,-89,32.1699449632106,34.81096823595285,41.15224303065266,Fri Dec 01 11:05:24 IST 2017,32.1699449632106,34.81096823595285,41.15224303065266
74:da:38:a9:24:17,edimax_2.4G_A92417,3,-75,32.16930328971546,34.81071393258221,27.82938002803731,Fri Dec 01 10:44:49 IST 2017,32.16930328971546,34.81071393258221,27.82938002803731
08:97:58:32:d2:98,NIPPON_3687,2,-79,32.172519525834645,34.81244819705009,35.373543021017,Fri Dec 01 10:50:15 IST 2017,96.51755172259548,104.4373930366057,105.30646687945493
08:97:58:32:69:c6,Volvo247,4,-81,32.172209259560766,34.814448298318844,15.376435938028058,Fri Dec 01 10:49:14 IST 2017,32.172209259560766,34.814448298318844,15.376435938028058
28:f3:66:9d:dc:cb,Pantum-AP-9DDCCB,11,-84,32.17021581,34.81353649,37.0,Fri Dec 01 10:58:05 IST 2017,32.17021581,34.81353649,37.0
10:5a:f7:0f:d5:32,Zvi_2.4,11,-91,32.17228106,34.81440381,51.0,Fri Dec 01 10:49:21 IST 2017,32.17228106,34.81440381,51.0
f4:f2:6d:af:45:26,Basement,3,-87,32.17231428239179,34.81391151665927,40.533851276359606,Fri Dec 01 11:07:10 IST 2017,32.19197987057642,34.83514637984636,48.020766660148176
14:ae:db:48:af:4d,InnovationEndeavors-guest,9,-91,32.170057133113836,34.81237055794914,35.28990199430505,Fri Dec 01 11:06:12 IST 2017,64.34013791697143,69.62475171479349,70.24753875469891
00:c0:02:0a:c6:c2,luxynet,7,-93,32.17134232,34.81165241,37.0,Fri Dec 01 10:50:36 IST 2017,1.7817405835128483E-6,1.927968477693282E-6,2.0491654011275767E-6
5a:0c:c8:0f:21:90,Bezeq Free T00C36,1,-90,32.16946883845022,34.811217999319986,31.50534266169677,Fri Dec 01 10:57:29 IST 2017,64.34307072545276,69.62733837072237,64.29081726883744
74:da:38:14:4b:88,landau,11,-81,32.16992541472147,34.81231942174977,34.69328388561788,Fri Dec 01 10:45:32 IST 2017,32.18488930882169,34.82861937932622,30.00064074443942
00:25:86:b1:6f:f8,A-Home,6,-81,32.16871153789453,34.8107806266728,38.32878387583535,Fri Dec 01 10:45:01 IST 2017,64.33742335995944,69.62156485992246,76.79204610764612
04:a1:51:e0:5f:ee,MNP_HOME_2.4GHz_1,6,-81,32.17105773177454,34.81351363857503,34.70142598596413,Fri Dec 01 10:58:20 IST 2017,64.34211639784237,69.62702632265133,68.86661463839376
ac:f1:df:76:a0:9c,dlink-A09C,11,-91,32.16939950952027,34.81073876931651,27.312818696124175,Fri Dec 01 10:51:11 IST 2017,64.33879908690679,69.62147743189685,54.417555185780614
10:0d:7f:80:17:80,ELDAD,11,-73,32.1724696825911,34.81281164946876,37.31765614714659,Fri Dec 01 10:43:43 IST 2017,96.53603877404007,104.45986260737357,95.02870685373425
6c:b0:ce:2f:43:36,Hilush111,1,-92,32.1716947,34.81179424,42.0,Fri Dec 01 10:44:07 IST 2017,32.1716947,34.81179424,42.0
90:8d:78:b6:28:f6,Talfamily2,5,-62,32.16879785,34.81168165,32.0,Fri Dec 01 11:10:37 IST 2017,32.16879785,34.81168165,32.0
c4:a8:1d:13:2a:95,Eric 2.4,1,-87,32.1699948,34.81094348,29.0,Fri Dec 01 10:50:58 IST 2017,32.1699948,34.81094348,29.0
14:ae:db:b7:ab:ad,044870715,6,-81,32.17110149156805,34.81301363786378,33.69249757551076,Fri Dec 01 10:58:26 IST 2017,32.18529919434133,34.82829973363763,39.01274147091909
c0:ac:54:f6:ae:5e,HOTBOX111,11,-77,32.17009207322865,34.812709679797536,31.660295346476723,Fri Dec 01 10:57:11 IST 2017,32.16875525343879,34.81129910090613,26.895184619901016
20:0c:c8:2b:2a:14,nina,11,-67,32.16958763280978,34.81220529196781,31.968815101169305,Fri Dec 01 10:57:37 IST 2017,96.52754865888019,104.45807807603018,107.2303244115517
50:c7:bf:36:df:98,Gil-Up,2,-89,32.17230828,34.81204165,48.0,Fri Dec 01 10:43:58 IST 2017,32.17230828,34.81204165,48.0
00:30:4f:91:36:07,hilda,6,-71,32.16965238022683,34.81313391420284,29.888761101903096,Fri Dec 01 10:57:53 IST 2017,32.18857562220723,34.83397283152925,27.27710848376642
c8:d7:19:d4:7c:75,forestisthebest-guest,6,-94,32.16936666,34.81070436,31.0,Fri Dec 01 10:52:13 IST 2017,32.16936666,34.81070436,31.0
e8:cc:18:ac:1a:52,Daizad,7,-72,32.17032550625723,34.813561284881295,32.39383218184467,Fri Dec 01 10:58:08 IST 2017,64.3407006639188,69.62714459712055,66.23477071711896
e0:ce:c3:8c:c1:94,HOTBOX-C18E,1,-93,32.16968439,34.8121884,31.0,Fri Dec 01 11:10:50 IST 2017,32.16968439,34.8121884,31.0
00:26:5a:10:b7:0a,Einav_1,6,-82,32.16940316,34.81209444,40.0,Fri Dec 01 10:45:23 IST 2017,0.020888399037413047,0.022604364662102364,0.02597300165442429
c0:ac:54:f8:0c:ac,G10,11,-94,32.17106538,34.81150977,30.0,Fri Dec 01 11:09:56 IST 2017,0.019719871824930988,0.02133838287878089,0.018389075641732124
a0:ab:1b:5d:c2:60,urigil1,10,-90,32.17241303604595,34.81208332874092,35.49585852826895,Fri Dec 01 10:43:57 IST 2017,64.34482793409593,69.62416527478315,72.0357091052674
c0:ac:54:f8:6c:8a,amnon,6,-78,32.17061762497035,34.81359659071683,39.007482476308816,Fri Dec 01 10:59:11 IST 2017,64.35751735969646,69.64477836356,76.54287557971712
b0:b2:8f:01:ad:fe,Lahav,11,-73,32.172370214768215,34.81360298942313,39.30549269166606,Fri Dec 01 10:49:51 IST 2017,96.53508620470696,104.46062520401391,115.02017096844224
60:e3:27:bf:a1:a5,BARON WIFI 2.4,11,-91,32.16872739,34.81060785,38.0,Fri Dec 01 10:44:59 IST 2017,5.301014168455988E-7,5.736363866317536E-7,6.261936817057515E-7
c0:4a:00:f7:00:c1,Vision Public,10,-89,32.16872739,34.81060785,38.0,Fri Dec 01 10:44:59 IST 2017,6.401417906600637E-11,6.927139072959226E-11,7.561812362103025E-11
ec:8e:b5:05:57:19,DIRECT-29-HP OfficeJet Pro 8710,6,-91,32.1695720901851,34.813408321637986,27.261501680838933,Fri Dec 01 10:57:53 IST 2017,0.01044288728482445,0.011301129467443383,0.008849629347569452
00:78:9e:fa:0e:5c,Miller,1,-78,32.172428124402145,34.81272303610188,46.8544235924933,Fri Dec 01 10:46:14 IST 2017,64.3448685,69.62525538000001,95.0
06:c2:3e:e4:21:85,HTC,4,-86,32.168804792238255,34.81056729607255,27.61250468579253,Fri Dec 01 11:05:42 IST 2017,32.188709355253046,34.832217640679026,19.02219212047471
f8:ab:05:e9:6d:3d,yotam17,10,-75,32.171036639926704,34.81325176459509,35.07972813812108,Fri Dec 01 10:58:26 IST 2017,96.52763205988148,104.45496436403728,95.90116919991345
70:4c:a5:20:be:18,SE-WiFi-Employees,1,-94,32.16898017,34.81188912,37.0,Fri Dec 01 10:45:16 IST 2017,32.16898017,34.81188912,37.0
08:ea:44:74:4b:d5,Nehalem_ISR,1,-92,32.16958729,34.81218021,40.0,Fri Dec 01 10:45:26 IST 2017,0.020888518597632914,0.02260442035471116,0.025973001654424288
c4:04:15:60:6a:b5,Ben Ami_2.4,11,-73,32.1718356452657,34.81186446357241,40.13333016163072,Fri Dec 01 10:50:29 IST 2017,64.34744768397232,69.62785749657884,75.30942185234257
ec:08:6b:38:0d:dd,RS_GUEST,12,-85,32.16924509807326,34.81101350289617,36.70470642638794,Fri Dec 01 10:44:57 IST 2017,0.004062890585056548,0.004396437621568294,0.005196633764650685
fc:75:16:2e:5a:47,My_Internet,10,-77,32.17097140434139,34.81349602075563,35.269084440645194,Fri Dec 01 10:58:20 IST 2017,32.203788292724205,34.848774230536264,43.032867457705905
14:ae:db:c1:ad:7d,shweiger1,1,-84,32.17243758,34.81296682,47.0,Fri Dec 01 10:43:40 IST 2017,1.101021892997564E-5,1.1913874580906959E-5,1.6084584465261244E-5
80:1f:02:a3:7d:62,Gil Kitchen,6,-83,32.17226394092169,34.81206707740241,42.68390477699176,Fri Dec 01 11:04:48 IST 2017,64.35841902020549,69.63942056824355,86.08880064818227
aa:6b:ad:04:c6:a8,DIRECT-a8-HP M477 LaserJet,1,-91,32.16881140989113,34.81059888828613,29.193003393285412,Fri Dec 01 10:57:02 IST 2017,64.33762475500299,69.62119657133245,58.499506460261024
14:ae:db:b2:5f:05,mazia,1,-87,32.16977119,34.81225463,40.0,Fri Dec 01 10:45:29 IST 2017,0.019003524448162477,0.020564508465093077,0.023629045212568672
00:30:4f:82:7b:30,WR,11,-89,32.16921657591955,34.8119993015223,30.246080183177583,Fri Dec 01 10:59:56 IST 2017,32.16921657591955,34.8119993015223,30.246080183177583
e0:ce:c3:86:a7:9e,Talfamily,1,-80,32.16889805537721,34.81183319930766,27.057519941460445,Fri Dec 01 10:57:19 IST 2017,32.16889805537721,34.81183319930766,27.057519941460445
82:2a:a8:bf:94:29,Home,11,-70,32.16929026463553,34.811597383513664,34.70974557725374,Fri Dec 01 10:59:56 IST 2017,64.33859859149732,69.62403473954308,77.1577920904256
00:12:2a:35:c8:7c,Chakir,1,-86,32.17228483399432,34.814036899369874,30.59005383029067,Fri Dec 01 10:49:44 IST 2017,32.17228483399432,34.814036899369874,30.59005383029067
7c:b7:33:2b:c4:52,spielman,1,-73,32.16925424429132,34.81068464810007,31.596013028522144,Fri Dec 01 10:53:47 IST 2017,64.33871881601704,69.6214499250955,59.936681155807
14:cc:20:da:ab:9a,Fuck Off,11,-77,32.16902986,34.81190459,33.0,Fri Dec 01 11:00:19 IST 2017,32.16902986,34.81190459,33.0
c0:a0:bb:cb:59:5b,BezeqNGN_001489_2.4GHz_1,1,-68,32.16932023989525,34.810698902873206,33.355857602281176,Fri Dec 01 10:54:23 IST 2017,32.17284999775461,34.81450216186091,29.330235239025782
18:cc:23:00:18:45,gononsmarthome,3,-89,32.170434860373376,34.81119072874409,35.16075161434658,Fri Dec 01 11:05:18 IST 2017,0.017825256722846322,0.01928847588147618,0.02267654339168981
14:ae:db:b7:99:2d,Guymic,6,-78,32.17054111255363,34.81123607297317,36.53417458565794,Fri Dec 01 10:50:50 IST 2017,96.52005211941673,104.44274205945783,108.65809326808267
c4:e9:84:83:1a:0a,sirocco_2.4o,11,-79,32.1710921171862,34.81301935591324,35.180015956017044,Fri Dec 01 10:58:26 IST 2017,32.17106326883384,34.812853217905456,39.000003705526744
00:13:d4:0f:f3:ba,home,1,-77,32.17086088999904,34.81142267349572,33.78369230332198,Fri Dec 01 10:44:26 IST 2017,64.36367217336974,69.64655443224292,69.87713333032842
b0:5a:da:fa:44:76,DIRECT-75-HP DeskJet 4670 series,6,-85,32.17127494398859,34.81300613220158,29.961117451398636,Fri Dec 01 11:06:39 IST 2017,0.018025810142690033,0.019505850155954938,0.017369446088696686
00:12:2a:e1:6c:4c,Oded 5Ghz,48,-82,32.171310326426116,34.812842743410215,33.49273977784524,Fri Dec 01 10:46:05 IST 2017,96.51475833352434,104.4387747523507,93.1502971921499
d8:5d:4c:d1:4d:b0,Yotam _ work _ room,9,-68,32.17106811300088,34.81331975378659,33.91672107658706,Fri Dec 01 10:58:23 IST 2017,32.191441859350064,34.835337300942854,28.941314130450785
52:b0:ce:ac:32:98,Bezeq Free GA32E3,1,-62,32.172378286835105,34.8135568295952,33.71286157676438,Fri Dec 01 11:07:03 IST 2017,96.53754925440761,104.4620962312796,105.2900519855385
ec:8c:a2:09:dd:48,LRWN,11,-59,32.168840596863966,34.811765473605654,29.61704466582521,Fri Dec 01 10:57:19 IST 2017,96.51858879472395,104.44728783338708,80.99738418122857
c0:ac:54:f7:42:60,HOTBOX,1,-82,32.170841733234134,34.81364401834643,33.2800463262508,Fri Dec 01 10:58:14 IST 2017,96.512525519731,104.44093171436668,98.96933311631865
00:26:5a:24:f4:f0,Yotam_Shir,8,-87,32.1710901280415,34.81334518613815,35.02406379183002,Fri Dec 01 10:59:20 IST 2017,0.02037129649672839,0.022044398278894876,0.01923593657599031
00:0b:6c:4d:1b:3f,UFI_UF230_B3F,6,-58,32.17057318405174,34.812616280792824,33.74406485668041,Fri Dec 01 11:06:27 IST 2017,96.53090198985451,104.45728345428141,104.01671135018285
20:0c:c8:1b:a2:48,Mevohot_1,6,-70,32.17238485133309,34.81335251001789,36.14795188031762,Fri Dec 01 10:49:56 IST 2017,64.34477152574108,69.6266976658725,76.34185373223524
54:b8:0a:34:78:d0,Shani - Green,6,-88,32.17177616305822,34.811828004893464,37.0022663039716,Fri Dec 01 11:05:03 IST 2017,32.17153243,34.81172407,31.000000000000004
60:e3:27:e8:41:e8,Mevohot_3,11,-80,32.172370483891484,34.813458476296006,41.71240397675682,Fri Dec 01 10:50:00 IST 2017,64.35025046547784,69.63338925040686,84.00709833795014
7c:03:4c:ba:f5:5a,HOTBOX-1234,6,-75,32.17237924,34.81348839,36.0,Fri Dec 01 11:09:20 IST 2017,32.17237924,34.81348839,36.0
d0:d4:12:5e:db:f2,Siemens,11,-82,32.170409635313014,34.81253033272143,35.37451756555825,Fri Dec 01 11:00:34 IST 2017,64.35392908518617,69.6389688711098,68.0149802356662
cc:b2:55:e8:4c:e6,INGENEO,6,-87,32.1701113129261,34.81133428210671,32.83788841309219,Fri Dec 01 10:44:56 IST 2017,32.20277943877811,34.84523507673799,33.030884684181046
74:44:01:39:09:86,Wifi,11,-93,32.17226318,34.81420816,40.0,Fri Dec 01 10:46:32 IST 2017,0.013096637395702774,0.014172116457554002,0.016283140943400394
74:da:38:97:66:9d,oved-main_2EX,6,-77,32.16980680029631,34.81089219714775,32.95783284323159,Fri Dec 01 10:51:01 IST 2017,64.33972021573102,69.6218141622499,58.44607201281269
d8:fb:5e:17:62:f5,HOTBOX-62EF,1,-80,32.17027117189879,34.81247278516463,35.73770467408465,Fri Dec 01 10:45:37 IST 2017,64.35827177179333,69.64406103814592,58.06685917150181
00:07:26:4f:07:ae,HOTBOX-1A14,6,-86,32.17240894227467,34.81332522126937,34.66128723607833,Fri Dec 01 11:06:58 IST 2017,64.34481424,69.62666388999999,70.0
30:d3:2d:37:20:f4,devolo-0f4,6,-80,32.17013234225084,34.81102658004825,35.03747895757557,Fri Dec 01 10:44:37 IST 2017,32.183311627111166,34.82520226943913,38.014226161928235
d8:fb:5e:17:47:f8,sellahome,9,-73,32.17241059053515,34.81325697503883,34.91531500856077,Fri Dec 01 10:46:13 IST 2017,96.5171647915604,104.44029224168847,104.00000000227956
84:16:f9:e4:e3:ca,TP-LINK_E3CA,9,-77,32.170273120737065,34.812762736226475,34.716696766506864,Fri Dec 01 10:58:50 IST 2017,0.038045190726616517,0.041170251500831714,0.04080846498801224
48:ee:0c:39:f9:15,Ronizyc1,5,-85,32.169526477292365,34.810772077039324,23.0,Fri Dec 01 10:51:10 IST 2017,64.33906003999999,69.62154622000001,46.0
18:1e:78:86:03:15,HOTBOX-F028,1,-61,32.170474229665665,34.813573278655184,34.43214620728849,Fri Dec 01 10:58:11 IST 2017,32.170435907935,34.813571523449426,29.626158514512678
10:5a:f7:08:27:71,Baruch_2.4,6,-90,32.17094894909989,34.81367243117691,29.871227188060253,Fri Dec 01 10:59:14 IST 2017,0.013315592623065479,0.014409418899636386,0.012363735151753328
08:97:58:31:e0:c6,SEW132_23574336,3,-78,32.17142822600876,34.8116880849414,35.59473425869514,Fri Dec 01 11:05:06 IST 2017,64.3520564742033,69.63331096345169,70.4328443609666
74:da:38:14:1f:8d,sellahome_2EX,9,-82,32.17241727,34.81315388,44.0,Fri Dec 01 10:43:37 IST 2017,0.013096700122432471,0.01417168728280816,0.017911455037740432
b0:b2:8f:1e:ea:68,HOTBOX-2E6E,11,-81,32.16970641769532,34.81085889697627,35.5522287038509,Fri Dec 01 11:05:30 IST 2017,32.169457779876055,34.81076504710256,40.54230601717542
7c:b7:33:97:35:f1,U2I8L1M0X42,1,-73,32.17214468275886,34.81198550852923,39.49685868087433,Fri Dec 01 10:44:01 IST 2017,3.9177703222098155E-9,4.239238129696179E-9,5.723439863385514E-9
e0:ce:c3:23:12:30,HOTFiber arama,1,-76,32.16957574,34.81265851,32.0,Fri Dec 01 10:57:43 IST 2017,32.16957574,34.81265851,32.0
a8:c8:3a:35:b6:d4,Partner-4G-B6D4,1,-92,32.17103853,34.81359455,43.0,Fri Dec 01 10:59:17 IST 2017,32.17103853,34.81359455,43.0
14:ae:db:58:73:75,love,1,-58,32.17227144981482,34.81434255772347,32.95515227992234,Fri Dec 01 11:01:26 IST 2017,96.51679921083289,104.44306742861745,97.90582840843965
a4:2b:b0:e0:3a:01,Fuck Off ext,11,-80,32.16927107246911,34.81201044802282,27.21999505256496,Fri Dec 01 10:57:26 IST 2017,0.0039715149472184085,0.004297779067657138,0.003360493216366045
c4:12:f5:f4:82:42,Beni,9,-71,32.17083576036781,34.81363581084319,33.707763331884635,Fri Dec 01 10:59:14 IST 2017,0.02443416986782593,0.026441580102981244,0.02934166766439808
80:1f:02:f5:d8:e8,angela,1,-89,32.172252019523675,34.814391891326764,17.18081811626479,Fri Dec 01 10:43:06 IST 2017,32.172252019523675,34.814391891326764,17.18081811626479
c4:12:f5:85:27:c2,varda,1,-80,32.17222862418262,34.81204136907391,37.86438590719652,Fri Dec 01 11:04:54 IST 2017,64.35650265664256,69.63744189668678,82.20341296483076
00:12:2a:d2:0c:38,test012,1,-87,32.171058088079995,34.81351327456397,34.49692458682181,Fri Dec 01 10:58:20 IST 2017,1.073459925039917E-5,1.1616313954443064E-5,1.1489449698916342E-5
16:0c:c3:ee:27:39,Is,6,-83,32.170499111058675,34.81357876017048,33.48002461031373,Fri Dec 01 10:58:08 IST 2017,6.189627659887835E-6,6.698177381104254E-6,7.117812038461016E-6
cc:b2:55:67:2b:85,claire,6,-90,32.17092410916535,34.81275918581424,29.998889595076953,Fri Dec 01 10:59:32 IST 2017,32.17092410916535,34.81275918581424,29.998889595076953
00:78:9e:f9:e8:58,Hotbox,11,-91,32.1725225188478,34.81247911919242,31.65132309930995,Fri Dec 01 10:50:11 IST 2017,0.014336493108022715,0.015512891992634488,0.014104239890024892
70:5a:0f:b2:64:cd,DIRECT-CC-HP DeskJet 4670 series,6,-67,32.172469610640924,34.81287344181988,39.780945816832926,Fri Dec 01 11:04:39 IST 2017,96.53761680410138,104.46120714048116,117.02147159825164
00:78:9e:f9:f5:5b,HOTBOX1234,1,-81,32.17253810779095,34.81244851521307,46.006571936254076,Fri Dec 01 11:04:45 IST 2017,32.176509412742774,34.816723370055946,48.005335777656676
a4:2b:b0:d4:55:38,motti-5ghz,40,-88,32.17074693,34.8126719,38.0,Fri Dec 01 10:59:35 IST 2017,0.01624513647930581,0.017579219017057317,0.019188711644054477
6c:b0:ce:ac:32:9b,dobry2016,1,-69,32.172395638753315,34.8133802280583,31.25645284847672,Fri Dec 01 10:43:33 IST 2017,32.196254045251834,34.839245600326095,25.156898032096393
74:da:38:b6:f6:c9,Jamcandown,4,-89,32.16917019230133,34.8106650271149,28.810367981340118,Fri Dec 01 10:55:50 IST 2017,32.16917019230133,34.8106650271149,28.810367981340118
14:cc:20:76:c0:8e,TP-LINK_76C08E,1,-84,32.17083792832928,34.81274240269548,39.52588007467983,Fri Dec 01 11:06:30 IST 2017,96.51376109953813,104.43849718122298,118.00000593028048
14:cc:20:76:b8:2a,Oded,11,-65,32.17077752397018,34.8126993672641,37.42413838941842,Fri Dec 01 10:45:47 IST 2017,96.52989822826218,104.45642805987477,113.01780051916347
74:da:38:b6:f3:7a,Floor 2,2,-94,32.17146616,34.81290244,38.0,Fri Dec 01 11:11:14 IST 2017,0.017650130401461326,0.019099293288762913,0.02084782060972537
a0:ab:1b:62:0d:fc,klaiman,2,-78,32.17009116368915,34.81240288755466,30.946144707191237,Fri Dec 01 10:45:37 IST 2017,32.18433691318631,34.82722271300648,28.012421975695077
f8:d1:11:b1:92:93,iFOREX,6,-91,32.168881406149175,34.81057058716543,27.5643827071327,Fri Dec 01 10:56:58 IST 2017,32.168881406149175,34.81057058716543,27.5643827071327
d8:fb:5e:17:62:4d,HOTBOX12,1,-87,32.169861665,34.81090016,32.5,Fri Dec 01 10:44:40 IST 2017,2.5380296284006246E-6,2.7463921583771798E-6,2.919099330644875E-6
48:ee:0c:3b:fa:1e,Florida_Israel1,1,-94,32.17012573,34.81242227,44.0,Fri Dec 01 10:45:35 IST 2017,4.244199932655887E-9,4.592797724633645E-9,5.80491349658331E-9
48:ee:0c:3d:eb:b8,Km,9,-85,32.17225793952015,34.81441454466233,40.08129430873258,Fri Dec 01 11:07:18 IST 2017,32.17225793952015,34.81441454466233,40.08129430873258
10:be:f5:3f:b2:ce,bait,10,-92,32.169763446202566,34.81087437050561,34.615118181840145,Fri Dec 01 11:05:27 IST 2017,32.18040729954641,34.82245399158123,40.9610613796901
f8:d1:11:b8:3b:7e,Mehta_Up,6,-86,32.169558759719756,34.81216374512876,37.97579004457026,Fri Dec 01 11:00:05 IST 2017,32.18498120953518,34.828617537601815,38.016398251192676
00:78:9e:fa:0e:db,snapper1,1,-91,32.16990288130547,34.812290822946096,35.18755395607378,Fri Dec 01 11:06:15 IST 2017,32.18597796839864,34.82970016840452,40.16939113485744
3c:52:82:af:42:75,DIRECT-74-HP DeskJet 4670 series,1,-59,32.17253375,34.81242662,42.0,Fri Dec 01 10:50:12 IST 2017,32.17253375,34.81242662,42.0
92:cd:b6:2b:e9:77,HP-Setup>77-M277 LaserJet,1,-87,32.16881183895412,34.81174970350504,40.650001121744175,Fri Dec 01 11:05:57 IST 2017,32.16881183895412,34.81174970350504,40.650001121744175
06:ae:db:58:73:75,BezeqFree,1,-57,32.17197928275466,34.81354189082848,45.16843268476633,Fri Dec 01 11:04:18 IST 2017,64.34449031612972,69.62847845456587,96.86717839689322
d8:fb:5e:17:1b:d6,DAVID,11,-92,32.171176511717704,34.81159409519152,35.00469475513095,Fri Dec 01 10:44:18 IST 2017,64.34235634756608,69.62318813610526,70.49858976461753
80:1f:02:d4:9a:92,Ben-Eliyahu_PC,10,-92,32.17230215,34.81400233,37.0,Fri Dec 01 11:01:23 IST 2017,0.017488330180036087,0.01892431461065293,0.02011258671028412
00:78:9e:fa:3b:62,geller,11,-90,32.17020133019262,34.81244902955075,37.480587399866685,Fri Dec 01 10:45:38 IST 2017,32.17010176932995,34.81240324927419,30.961188475497018
7c:03:4c:fe:f6:68,evanson,1,-80,32.16935940800851,34.810724962547745,29.763062983319177,Fri Dec 01 10:54:11 IST 2017,64.33871881601704,69.6214499250955,59.66131610729415
28:80:23:f6:e0:c1,HP-Print-C1-Deskjet 4640 series,11,-81,32.16908296373716,34.810628708591274,31.421652476001455,Fri Dec 01 10:56:55 IST 2017,32.17404469478773,34.81606511519849,28.073008139987586
c8:d3:ff:57:60:f5,DIRECT-F4-HP DeskJet 3830 series,1,-89,32.16879406132886,34.810603258922264,28.97229589649981,Fri Dec 01 10:44:57 IST 2017,0.004452424248685415,0.004818085960730431,0.0042906577797294666
6c:b0:ce:ac:32:9c,dobry2016_5,60,-89,32.17232792,34.81365654,42.0,Fri Dec 01 10:46:23 IST 2017,32.17232792,34.81365654,42.0
c0:ac:54:f5:b7:f2,donush,1,-87,32.17134020148104,34.81169555724996,29.789299583491168,Fri Dec 01 10:44:14 IST 2017,0.010210652737177249,0.011048657976364066,0.009454632335048466
c4:04:15:64:e8:cc,Gillad-1_2.4,11,-77,32.17053537,34.81259485,37.0,Fri Dec 01 11:00:40 IST 2017,32.17053537,34.81259485,37.0
a4:2b:b0:ad:2d:34,lellouche,5,-82,32.17236392048461,34.813608582564235,40.37390229623365,Fri Dec 01 11:01:19 IST 2017,64.34473014,69.62719499,82.0
80:1f:02:e8:b9:cc,Eldad_2EX,11,-81,32.17248989874156,34.81265196801648,37.18296530216304,Fri Dec 01 10:43:46 IST 2017,64.34497964093607,69.62530522338805,74.12203841475934
f8:d1:11:ce:e5:e6,TP-LINK-BET,4,-96,32.17106538,34.81150977,30.0,Fri Dec 01 11:09:56 IST 2017,2.231764579553077E-6,2.414936948707661E-6,2.081153875252617E-6
14:9d:09:80:00:9d,HUAWEI-009D,4,-86,32.17225793952015,34.81441454466233,40.08129430873258,Fri Dec 01 11:07:18 IST 2017,0.004452907673289987,0.00481860408922662,0.005547583987367832
fc:75:16:55:27:fa,BS-WIFI-4EVER,6,-94,32.17250306,34.81263803,42.0,Fri Dec 01 10:50:09 IST 2017,0.017952400952837743,0.019425608103137985,0.023436188306922033
c0:ac:54:f8:6b:28,Li,1,-80,32.16970224,34.81083489,27.0,Fri Dec 01 10:51:04 IST 2017,32.16970224,34.81083489,27.0
00:12:2a:e1:6c:48,Oded 2.4Ghz,11,-69,32.17106989137071,34.812781542684164,35.49697147312581,Fri Dec 01 10:58:38 IST 2017,32.18811948456571,34.83014760657472,43.020125644540705
90:8d:78:54:22:a2,tal,1,-79,32.171088936725155,34.81316109032559,32.698788221002545,Fri Dec 01 10:58:26 IST 2017,0.012685702309390137,0.013727583826866027,0.011405253698914606
8c:59:c3:ea:db:4a,Liza,1,-78,32.17188136037348,34.81188513444235,34.21801722624535,Fri Dec 01 10:44:05 IST 2017,32.18751453532052,34.82881776852071,29.654560634227963
14:ae:db:32:d5:c2,GFCM,4,-92,32.170756655818515,34.81134200550574,28.224541140145234,Fri Dec 01 11:04:51 IST 2017,64.34140581,69.62263662,56.0
d0:d4:12:64:05:12,shmulik,11,-80,32.17004926,34.81351135,36.0,Fri Dec 01 10:58:02 IST 2017,32.17004926,34.81351135,36.0
80:26:89:0d:4f:84,DIR-825-4f83,1,-57,32.17241949537862,34.8130838515828,31.66988459605191,Fri Dec 01 10:43:41 IST 2017,96.51555281960435,104.43789888893858,118.39331296689569
6c:2e:85:fe:da:b8,HOTBOX-1966,6,-75,32.17134387611023,34.8116686534985,41.11423605499236,Fri Dec 01 11:05:06 IST 2017,2.9915450781422413E-6,3.2370632828809082E-6,3.823125666914533E-6
a0:4f:d4:45:1f:a1,nurit,1,-74,32.17108199384816,34.813204808592516,36.00481144917689,Fri Dec 01 10:58:26 IST 2017,5.398967996006995E-9,5.842375032820666E-9,6.7128224081554085E-9
16:ae:db:c1:ae:55,Fuck Off Yourself,9,-79,32.16927107246911,34.81201044802282,27.21999505256496,Fri Dec 01 10:57:26 IST 2017,6.205492105028764E-7,6.715279793214279E-7,5.250770650571945E-7
c0:ac:54:f5:7d:bd,HOTBOX-2017,11,-72,32.17106786245922,34.81279464462668,37.68294021527223,Fri Dec 01 10:58:38 IST 2017,96.51444572916103,104.43858941518536,103.68353274926059
c4:12:f5:82:92:78,David,9,-96,32.17063751,34.81125367,31.0,Fri Dec 01 11:05:15 IST 2017,32.17063751,34.81125367,31.0
48:ee:0c:3c:30:1e,Gana7,5,-93,32.1708157,34.81137225,32.0,Fri Dec 01 10:50:45 IST 2017,32.1708157,34.81137225,32.0
94:57:a5:4b:4f:41,DIRECT-1C-HP DeskJet 3830 series,6,-77,32.16967168472975,34.81218519148157,35.773926345716745,Fri Dec 01 10:59:50 IST 2017,64.33933867962475,69.62437283145701,70.62408958535302
74:da:38:c3:0d:6b,Jamcanup,2,-87,32.16917019230133,34.8106650271149,28.810367981340118,Fri Dec 01 10:55:50 IST 2017,0.004061251128935908,0.004394731097981934,0.0036372134807903193
c0:ac:54:f5:b4:c9,HOTBOX-D88A,1,-92,32.17224246105308,34.8144489381276,7.777438959165592,Fri Dec 01 10:42:54 IST 2017,32.17224246105308,34.8144489381276,7.777438959165592
20:0c:c8:1d:c8:2b,Neeman2.4,1,-78,32.16994716187687,34.8109426567386,34.600263044610564,Fri Dec 01 10:50:59 IST 2017,0.010717516747673222,0.011597389616017034,0.01014404593115664
70:4d:7b:0c:89:50,ter123,6,-69,32.17023926319833,34.81246293649115,34.01513105346976,Fri Dec 01 11:06:18 IST 2017,64.35819459731816,69.64512482095222,60.045756674000685
64:d9:54:e4:95:37,Gana7_2GExt,5,-88,32.17071181970333,34.81133629425737,31.229006218199256,Fri Dec 01 10:50:47 IST 2017,32.1743321044664,34.81532682019662,30.495597938724337
a0:ab:1b:57:cd:42,Helen.,10,-74,32.17223867916217,34.81202835219862,30.517667486511723,Fri Dec 01 10:50:20 IST 2017,64.34446961780631,69.62405474803126,60.88904164117819
18:d6:c7:fb:1c:0e,Oberyn Martell,8,-79,32.168894217248074,34.81086515430863,35.21775225309724,Fri Dec 01 10:44:56 IST 2017,32.16908746909653,34.81063626844878,31.000015761554458
88:dc:96:3b:f5:e0,kenley-up,6,-87,32.17244369050431,34.81206365704524,42.92341219500959,Fri Dec 01 11:04:51 IST 2017,0.017303277828421688,0.0187229423737042,0.023085462009008875
20:0c:c8:1d:c8:2c,Neeman2.4_5,60,-89,32.17005047256307,34.811007615648165,28.289290688769423,Fri Dec 01 10:44:38 IST 2017,32.17005047256307,34.811007615648165,28.289290688769423
7c:b7:33:a1:7e:98,HOTFiber-A53E,6,-79,32.170520719238965,34.811220654241104,35.26484814670918,Fri Dec 01 10:44:31 IST 2017,0.017915659830651763,0.019386223587337156,0.021718540650084415
40:b0:34:62:33:a6,DIRECT-A5-HP DeskJet 3700 series,6,-87,32.1695048,34.81211179,27.0,Fri Dec 01 11:06:09 IST 2017,32.1695048,34.81211179,27.0
30:e1:71:fb:1e:f7,DIRECT-F6-HP DeskJet 3830 series,11,-92,32.17231097,34.81407594,39.0,Fri Dec 01 11:11:44 IST 2017,32.17231097,34.81407594,39.0
00:21:63:4d:73:31,Astra,6,-86,32.16987167125199,34.81230085093053,34.20075967182825,Fri Dec 01 10:45:32 IST 2017,6.16892788777021E-6,6.67565263229729E-6,5.066281839847186E-6
40:65:a3:2b:62:22,HOTFiber-400D,6,-83,32.16883464449426,34.81176697442686,31.377804907247285,Fri Dec 01 11:05:57 IST 2017,32.1730961715265,34.816386723558956,28.29646912826956
e8:d1:1b:72:74:81,HOTBOX-747B,1,-91,32.1718612,34.81297848,39.0,Fri Dec 01 11:01:01 IST 2017,0.015594064613784583,0.016874243999766236,0.01890374063710056
62:ee:0c:3b:ac:5b,Bezeq Free,11,-75,32.16992807934728,34.81348343818636,32.69338275990345,Fri Dec 01 10:57:58 IST 2017,2.6823265258223924E-6,2.9027543209550913E-6,2.918307744750945E-6
20:0c:c8:0f:21:93,ELCHARAR_2.4,1,-89,32.16946912122708,34.8112173485247,31.368994745521142,Fri Dec 01 10:51:08 IST 2017,0.023147528185788566,0.025048552381261763,0.023128729916663846
74:da:38:c6:57:9b,edimax.setup,9,-71,32.17027834,34.81274376,40.0,Fri Dec 01 10:58:50 IST 2017,6.180680178870192E-6,6.688361009981828E-6,7.68495704457146E-6
3c:1e:04:07:2a:ff,ronkla2_5,48,-85,32.17135803478369,34.81168874408503,31.090525572576983,Fri Dec 01 10:50:35 IST 2017,32.17135803478369,34.81168874408503,31.090525572576983
74:da:38:a9:1c:df,  InnovationEndeavors,2,-83,32.169660064188676,34.81193429088761,34.220063880353564,Fri Dec 01 10:45:32 IST 2017,64.34518483991863,69.62835943004252,66.0038440755424
00:24:01:18:99:57,dlink,6,-67,32.1702481200823,34.81272731897838,28.8667048999116,Fri Dec 01 10:58:02 IST 2017,32.17010132675571,34.813514176763185,29.07004588283799
00:21:04:e7:95:da,orange,1,-74,32.17019245706264,34.813527839841825,29.307093300753618,Fri Dec 01 10:58:05 IST 2017,32.177420494994735,34.821292370626445,29.47382490133728
62:b2:55:67:2b:86,Bezeq Free 672B84,6,-92,32.17092410916535,34.81275918581424,29.998889595076953,Fri Dec 01 10:59:32 IST 2017,0.003971719025822882,0.004297871504421511,0.0037035666166761673
00:26:5a:69:94:e3,TUCHLER,6,-81,32.17026410624256,34.81249414920076,35.7260587224361,Fri Dec 01 10:45:32 IST 2017,32.170654027529686,34.81268553093009,29.21502010815968
20:0c:c8:0a:ef:2a,SHAHAF2.4,11,-82,32.17198534972246,34.81299603716402,26.593085271027938,Fri Dec 01 10:46:04 IST 2017,32.17198534972246,34.81299603716402,26.593085271027938
74:da:39:54:b8:1d,oved-main,6,-64,32.169610194634906,34.810811100884735,30.25510848224619,Fri Dec 01 10:54:41 IST 2017,96.50874461614232,104.4323996478286,85.7421329788341
c4:12:f5:f9:5c:7c,Lili,11,-79,32.169473141765764,34.810768158985404,35.90922172480734,Fri Dec 01 11:05:30 IST 2017,0.004903133869025884,0.00530571084775656,0.006179288120652517
